tcr_id,model_number,seed,plddt,cdr1a_plddt,cdr1b_plddt,cdr2a_plddt,cdr2b_plddt,cdr3a_plddt,cdr3b_plddt,peptide_plddt,cdrs_peptide_plddt,iptm_mean,ptm_mean,iptm_tcrpmhc,pdockq,avgipde_a,avgipde_b,avgipae_a,avgipae_b,pdockq2_a,pdockq2_b,has_contacts,ipsae,ipsae_d0chn,ipsae_d0dom,iptm_d0chn,lis,ranking_score,global_plddt,plddt_cdr1a,plddt_cdr2a,plddt_cdr3a,plddt_cdr1b,plddt_cdr2b,plddt_cdr3b,pdockq_AB,iPSAE,avgipde,avgipae,avgpdockq2,predicted_label,proba_AQ,proba_HQ,proba_LQ,proba_MQ
tcr_17,0,444247451,83.48916279069768,72.307,76.31489361702128,67.57428571428568,70.7720588235294,70.37017094017094,75.11367521367522,71.78857142857144,0.7658271431315788,0.398,0.604,0.1525,0.198,0.0704444444444444,0.0704444444444444,0.1446024842666236,0.167422809612709,0.0105038856179746,0.0099166407915881,True,0.0,0.0,0.0,0.09089175,0.0,0.5608546635789555,83.48916279069768,72.307,67.57428571428568,70.37017094017094,76.31489361702128,70.7720588235294,75.11367521367522,0.198,0.0,0.0704444444444444,0.1560126469396663,0.010210263204781349,LQ,0.3013475689131141,0.0,0.6293627954939071,0.06928963559297839
tcr_17,1,444247451,83.77542764857881,72.01683333333334,77.11319148936171,68.01985714285716,72.12764705882353,70.75871794871793,76.34769230769233,72.86228571428572,0.7759569927556391,0.396,0.61,0.1425,0.154,0.0668965517241379,0.0668965517241379,0.1205231756158924,0.1465767993565074,0.010283850470038,0.0094749118649091,True,0.0,0.0,0.0,0.088936,0.0,0.5559885691010854,83.77542764857881,72.01683333333334,68.01985714285716,70.75871794871793,77.11319148936171,72.12764705882353,76.34769230769233,0.154,0.0,0.0668965517241379,0.1335499874861999,0.00987938116747355,LQ,0.2467323224457179,0.0,0.7138616638905924,0.039406013663689364
tcr_17,3,444247451,83.57104263565891,72.06383333333333,76.55085106382981,67.79685714285714,72.26382352941175,70.9325641025641,76.09589743589744,71.17957142857142,0.7697261280939851,0.408,0.608,0.165,0.133,0.1021428571428571,0.1021428571428571,0.1546374691171915,0.1843484581861078,0.0106373201251082,0.0102857056503973,True,0.0,0.0,0.0,0.094988,0.0,0.5663274822713545,83.57104263565891,72.06383333333333,67.79685714285714,70.9325641025641,76.55085106382981,72.26382352941175,76.09589743589744,0.133,0.0,0.1021428571428571,0.16949296365164965,0.010461512887752749,LQ,0.20093971317283685,0.0,0.7605181356694192,0.038542151157744266
tcr_17,4,444247451,83.74564862765406,71.30766666666668,76.90425531914893,67.09042857142859,72.69823529411764,70.55316239316238,75.97803418803419,72.0542857142857,0.7698765040338347,0.398,0.608,0.1525,0.186,0.0908108108108108,0.0908108108108108,0.1386891282541745,0.169423843544162,0.0102856392299883,0.0103157333411854,True,0.0,0.0,0.0,0.09357725,0.0,0.5583551604411912,83.74564862765406,71.30766666666668,67.09042857142859,70.55316239316238,76.90425531914893,72.69823529411764,75.97803418803419,0.186,0.0,0.0908108108108108,0.15405648589916826,0.01030068628558685,LQ,0.26735237488840574,0.0,0.6743458342915744,0.058301790820020134
tcr_17,2,444247451,83.88258914728682,72.43516666666666,76.72063829787234,67.71557142857142,72.35882352941177,71.12965811965812,76.39273504273504,69.15157142857144,0.7653477822293233,0.406,0.61,0.17,0.114,0.1052173913043478,0.1052173913043478,0.1590736035451011,0.1877791110537022,0.0107014703602677,0.0102976369450674,True,0.0,0.0,0.0,0.09853325,0.0,0.5708886639393229,83.88258914728682,72.43516666666666,67.71557142857142,71.12965811965812,76.72063829787234,72.35882352941177,76.39273504273504,0.114,0.0,0.1052173913043478,0.17342635729940165,0.01049955365266755,LQ,0.19841153598489938,0.0,0.7624038234326354,0.03918464058246559
tcr_25,2,3695865450,86.2283811369509,84.62266666666666,85.39851063829788,79.05514285714287,81.7185294117647,82.24786324786325,86.09931623931628,87.64528571428573,0.8835362032819549,0.734,0.614,0.6950000000000001,0.296,0.6780555555555556,0.6780555555555556,0.8699726763789948,0.8635601779091726,0.5140591259817505,0.347405352705309,True,0.38782525,0.680638,0.57267275,0.62430825,0.298825,0.8258320509381055,86.2283811369509,84.62266666666666,79.05514285714287,82.24786324786325,85.39851063829788,81.7185294117647,86.09931623931628,0.296,0.38782525,0.6780555555555556,0.8667664271440837,0.4307322393435298,MQ,0.24907571480064133,0.01774237615385975,0.12534449191778477,0.6078374171277139
tcr_25,1,3695865450,85.92385917312662,82.09899999999999,83.2544680851064,76.26214285714285,78.72705882352942,80.82726495726494,83.88726495726499,85.52142857142857,0.8621040980187968,0.6900000000000001,0.61,0.635,0.258,0.685,0.6849999999999999,0.7940560605951656,0.8119984608099051,0.3308973464382466,0.2310706869785712,True,0.24220775,0.586081,0.45041625,0.52195425,0.2279,0.7907955117738876,85.92385917312662,82.09899999999999,76.26214285714285,80.82726495726494,83.2544680851064,78.72705882352942,83.88726495726499,0.258,0.24220775,0.685,0.8030272607025354,0.2809840167084089,MQ,0.32497913065775336,0.011996841505798455,0.2291447977543883,0.43387923008205964
tcr_25,4,3695865450,86.27733074935401,85.44149999999999,85.79553191489362,79.70985714285715,82.57588235294118,82.81461538461538,86.79324786324787,88.11357142857143,0.8893716168157895,0.736,0.612,0.7,0.322,0.6780555555555556,0.6780555555555556,0.8818172538808312,0.8737087404729555,0.5522438087891941,0.3827611413861599,True,0.396155,0.69135375,0.5826855,0.63120775,0.307775,0.827168235190884,86.27733074935401,85.44149999999999,79.70985714285715,82.81461538461538,85.79553191489362,82.57588235294118,86.79324786324787,0.322,0.396155,0.6780555555555556,0.8777629971768934,0.467502475087677,MQ,0.23965839613868975,0.019388270679973146,0.10168965785500335,0.6392636753263338
tcr_25,3,3695865450,86.06652196382429,84.64516666666668,84.63936170212766,79.01957142857144,80.87117647058822,81.64205128205127,85.23452991452992,86.89414285714285,0.8774244739586465,0.72,0.61,0.6799999999999999,0.289,0.6878124999999999,0.6878124999999999,0.8573628729790803,0.8501492201508207,0.4748059025730291,0.3115616928150873,True,0.358484,0.655291,0.53713175,0.597476,0.2811,0.8190423581233773,86.06652196382429,84.64516666666668,79.01957142857144,81.64205128205127,84.63936170212766,80.87117647058822,85.23452991452992,0.289,0.358484,0.6878124999999999,0.8537560465649505,0.3931837976940582,MQ,0.26322965604981297,0.017633495664605276,0.14139155524129135,0.5777452930442902
tcr_25,0,3695865450,86.25102971576227,85.21616666666667,86.2391489361702,79.81685714285713,83.06235294117647,82.93179487179489,86.9274358974359,88.10485714285713,0.8900978574172934,0.738,0.612,0.7025,0.309,0.6780555555555556,0.6780555555555556,0.8838600352748985,0.8768970121403377,0.5565014308200332,0.3923246920405689,True,0.400995,0.69108825,0.5873444999999999,0.63223875,0.31155,0.8313332109870271,86.25102971576227,85.21616666666667,79.81685714285713,82.93179487179489,86.2391489361702,83.06235294117647,86.9274358974359,0.309,0.400995,0.6780555555555556,0.880378523707618,0.47441306143030104,MQ,0.23970042354918486,0.01932785893511996,0.10168560464169558,0.6392861128739996
tcr_22,0,959670132,83.53473371251293,72.52416666666667,76.02638297872339,69.57228571428573,73.02058823529411,71.93367521367522,76.69871794871791,73.7132894736842,0.7882227070413534,0.476,0.604,0.2675,0.126,0.1892857142857142,0.1892857142857142,0.1654573413392528,0.2219719207583117,0.011547123107659,0.0114707005507336,True,0.0,0.0,0.0,0.13093725,0.0,0.6169517725046267,83.53473371251293,72.52416666666667,69.57228571428573,71.93367521367522,76.02638297872339,73.02058823529411,76.69871794871791,0.126,0.0,0.1892857142857142,0.19371463104878225,0.011508911829196299,LQ,0.1471330763409241,0.0,0.8024323537680192,0.050434569891057615
tcr_22,2,959670132,83.43342942088935,72.85316666666667,75.79531914893617,69.7112857142857,73.3455882352941,71.61606837606837,76.6154700854701,74.54802631578949,0.7904809777180449,0.484,0.606,0.2725,0.145,0.2351851851851851,0.2351851851851851,0.1601902461467087,0.2138104531952513,0.0113270125334981,0.0112682831500401,True,0.0,0.0,0.0,0.12866175,0.0,0.6202494949123213,83.43342942088935,72.85316666666667,69.7112857142857,71.61606837606837,75.79531914893617,73.3455882352941,76.6154700854701,0.145,0.0,0.2351851851851851,0.18700034967098,0.0112976478417691,LQ,0.14189913326809245,0.0,0.8064867739693213,0.05161409276258706
tcr_22,3,959670132,83.41197776628749,72.4455,75.64234042553193,69.3667142857143,72.52676470588234,71.52717948717948,76.19923076923077,73.8638157894737,0.7864606769661653,0.476,0.604,0.2625,0.116,0.1999999999999999,0.1999999999999999,0.158764663983549,0.220010812077942,0.0112301975343508,0.011337634613976,True,0.0,0.0,0.0,0.1296054999999999,0.0,0.6180748386001863,83.41197776628749,72.4455,69.3667142857143,71.52717948717948,75.64234042553193,72.52676470588234,76.19923076923077,0.116,0.0,0.1999999999999999,0.1893877380307455,0.011283916074163399,LQ,0.14616591311936686,0.0,0.8045074489997702,0.049326637880863805
tcr_22,4,959670132,83.45224793174768,72.878,75.41319148936171,69.49728571428571,72.76794117647059,72.10700854700855,76.69752136752139,74.35184210526316,0.7901948498984963,0.476,0.606,0.2675,0.14,0.1993333333333333,0.1993333333333332,0.1566176568644247,0.2133054995706024,0.0110911713512724,0.0114590532466613,True,0.0,0.0,0.0,0.12875375,0.0,0.6152819825025736,83.45224793174768,72.878,69.49728571428571,72.10700854700855,75.41319148936171,72.76794117647059,76.69752136752139,0.14,0.0,0.19933333333333325,0.18496157821751355,0.01127511229896685,LQ,0.146379475186564,0.0,0.8014980683896239,0.052122456423812996
tcr_22,1,959670132,83.43791882109618,72.9155,75.71978723404256,69.72728571428571,72.69970588235294,72.09222222222223,77.05709401709403,73.42355263157894,0.7886176318533835,0.476,0.604,0.27,0.142,0.1792592592592592,0.1792592592592592,0.1619403230786072,0.221650356559193,0.0114052398432525,0.0116436137162549,True,0.0,0.0,0.0,0.131857,0.0,0.6220294286889482,83.43791882109618,72.9155,69.72728571428571,72.09222222222223,75.71978723404256,72.69970588235294,77.05709401709403,0.142,0.0,0.1792592592592592,0.1917953398189001,0.0115244267797537,LQ,0.1427841639529587,0.0,0.8083638987145216,0.04885193733252065
tcr_26,1,380063041,82.95536179543403,72.10099999999998,76.54702127659574,69.694,73.54323529411765,71.94299145299144,76.41376068376069,66.2964935064935,0.7681297747105265,0.47,0.6,0.2825,0.214,0.162,0.162,0.1883432045924591,0.2345659616705729,0.0119174237066901,0.0118957841459647,True,0.0,0.0,0.0,0.14224675,0.0,0.6270534805881294,82.95536179543403,72.10099999999998,69.694,71.94299145299144,76.54702127659574,73.54323529411765,76.41376068376069,0.214,0.0,0.162,0.211454583131516,0.0119066039263274,LQ,0.2707621973822497,0.0,0.62568077123038,0.10355703138737016
tcr_26,4,380063041,83.18462065400026,73.57733333333334,77.07765957446809,70.72685714285714,74.39999999999999,72.40623931623932,77.33119658119658,67.08493506493505,0.777491804785714,0.492,0.6,0.315,0.098,0.2758333333333333,0.2758333333333333,0.2183865532575331,0.2680178436865829,0.0132398505021701,0.0132768784653359,True,0.0,0.0,0.0,0.1597025,0.0,0.6406522208128954,83.18462065400026,73.57733333333334,70.72685714285714,72.40623931623932,77.07765957446809,74.39999999999999,77.33119658119658,0.098,0.0,0.2758333333333333,0.24320219847205798,0.013258364483753001,LQ,0.123603153769729,0.0,0.8358864140492844,0.04051043218098749
tcr_26,3,380063041,83.20455602946879,74.09550000000003,76.98063829787232,71.07985714285716,74.55352941176471,72.61666666666667,77.76794871794873,67.94857142857144,0.781648195763158,0.506,0.6,0.3375,0.109,0.2662962962962963,0.2662962962962963,0.2204322164993588,0.2770705380701961,0.0132721071091775,0.0142251315292353,True,0.0,0.0,0.0,0.16746275,0.00105,0.6563749061457569,83.20455602946879,74.09550000000003,71.07985714285716,72.61666666666667,76.98063829787232,74.55352941176471,77.76794871794873,0.109,0.0,0.2662962962962963,0.24875137728477745,0.013748619319206401,LQ,0.1364586767418602,0.0,0.8219071986781203,0.0416341245800203
tcr_26,2,380063041,83.16782990823316,73.52533333333332,76.4331914893617,70.95099999999998,74.30323529411764,72.52760683760685,77.61230769230771,66.97155844155843,0.7768939476428569,0.49,0.604,0.3175,0.137,0.2347058823529412,0.2347058823529411,0.2056785278289055,0.2689473579911558,0.0126191145580587,0.0137769702849723,True,0.0,0.0,0.0,0.15868025,0.0,0.6446536281613571,83.16782990823316,73.52533333333332,70.95099999999998,72.52760683760685,76.4331914893617,74.30323529411764,77.61230769230771,0.137,0.0,0.23470588235294115,0.23731294291003066,0.0131980424215155,LQ,0.14227078675282345,0.0,0.810675193081316,0.0470540201658612
tcr_26,0,380063041,83.3679061651803,74.42083333333335,77.03297872340426,71.44200000000001,75.08147058823529,73.11965811965813,78.32136752136752,68.41142857142856,0.7858750378684212,0.512,0.6,0.3475,0.124,0.2432352941176471,0.2432352941176471,0.2284945336008597,0.2880769168797955,0.0138070104336418,0.014853384656047,True,0.0,0.0,0.0,0.17303425,0.0038,0.6614065344825604,83.3679061651803,74.42083333333335,71.44200000000001,73.11965811965813,77.03297872340426,75.08147058823529,78.32136752136752,0.124,0.0,0.2432352941176471,0.25828572524032756,0.0143301975448444,LQ,0.14015857673101834,0.0,0.8148113380997439,0.045030085169238246
tcr_27,2,2367751188,82.76263676432461,70.45649999999999,76.3568085106383,66.63157142857142,68.83529411764707,68.71726495726496,73.68564102564102,77.09582278481015,0.7708873686954887,0.386,0.608,0.0925,0.13,0.0327999999999999,0.0328,0.1031574155743363,0.1117216878987801,0.0096098527795189,0.0090608734574502,False,0.0,0.0,0.0,0.072505,0.0,0.542022746063791,82.76263676432461,70.45649999999999,66.63157142857142,68.71726495726496,76.3568085106383,68.83529411764707,73.68564102564102,0.13,0.0,0.032799999999999954,0.1074395517365582,0.00933536311848455,LQ,0.2658103824620574,0.0,0.7030468916891814,0.03114272584876125
tcr_27,0,2367751188,83.0012066286898,71.66149999999999,77.0836170212766,66.98557142857143,71.05617647058824,70.48051282051283,75.33735042735044,78.63367088607596,0.7854099250864662,0.43,0.604,0.18,0.179,0.1068571428571428,0.1068571428571428,0.1512120011913136,0.1997085734321501,0.0110144152704131,0.0106317546434676,True,0.0,0.0,0.0,0.1029045,0.0,0.5709096215206393,83.0012066286898,71.66149999999999,66.98557142857143,70.48051282051283,77.0836170212766,71.05617647058824,75.33735042735044,0.179,0.0,0.1068571428571428,0.17546028731173186,0.01082308495694035,LQ,0.2209935685380395,0.0,0.7198113272282076,0.05919510423375355
tcr_27,3,2367751188,83.10495080269291,72.08666666666667,77.23021276595746,67.36028571428572,71.31294117647059,70.72299145299145,75.39529914529916,78.99101265822785,0.7881366920037594,0.426,0.608,0.175,0.122,0.1190909090909091,0.1190909090909091,0.1498039696561879,0.2043605585086576,0.0109271909962021,0.0107094228305584,True,0.0,0.0,0.0,0.10193625,0.0,0.5723147611142593,83.10495080269291,72.08666666666667,67.36028571428572,70.72299145299145,77.23021276595746,71.31294117647059,75.39529914529916,0.122,0.0,0.1190909090909091,0.17708226408242275,0.01081830691338025,LQ,0.1837822490683181,0.0,0.7747708613121337,0.041446889619548274
tcr_27,4,2367751188,83.06617296737441,71.73766666666667,77.81425531914894,66.59371428571428,72.15294117647059,70.48008547008547,75.42811965811966,78.65050632911392,0.7866482333571428,0.428,0.606,0.1775,0.156,0.103235294117647,0.103235294117647,0.1471095459794415,0.1928815410934214,0.0108904583848336,0.0107242599893407,True,0.0,0.0,0.0,0.1037754999999999,0.0,0.5755121555721313,83.06617296737441,71.73766666666667,66.59371428571428,70.48008547008547,77.81425531914894,72.15294117647059,75.42811965811966,0.156,0.0,0.103235294117647,0.16999554353643145,0.01080735918708715,LQ,0.18398330631955842,0.0,0.7729844364109851,0.04303225726945674
tcr_27,1,2367751188,82.94994303469704,72.17433333333332,77.36765957446808,67.44557142857143,70.93529411764705,70.6068376068376,75.80076923076925,78.57822784810126,0.7878013160639097,0.428,0.606,0.1775,0.14,0.115,0.115,0.1527226776766357,0.2040817143232395,0.0110269887231751,0.0109733996295192,True,0.0,0.0,0.0,0.1031437499999999,0.0,0.5728658307590168,82.94994303469704,72.17433333333332,67.44557142857143,70.6068376068376,77.36765957446808,70.93529411764705,75.80076923076925,0.14,0.0,0.115,0.1784021959999376,0.01100019417634715,LQ,0.18225710421759883,0.0,0.7772080893205332,0.040534806461867995
tcr_23,1,200039855,84.19802044248932,77.32816666666668,79.3036170212766,72.09414285714286,78.58529411764705,74.81299145299145,80.57538461538459,73.49026666666667,0.8076059777180451,0.554,0.61,0.41,0.114,0.4608333333333334,0.4608333333333332,0.3130834470121004,0.3583031951845353,0.0191998882187189,0.0198633701663168,True,0.0,0.0,0.0,0.20966975,0.0182249999999999,0.6921730911723654,84.19802044248932,77.32816666666668,72.09414285714286,74.81299145299145,79.3036170212766,78.58529411764705,80.57538461538459,0.114,0.0,0.4608333333333333,0.33569332109831784,0.01953162919251785,LQ,0.14188765952557073,2.776534995740776e-06,0.7784052123499523,0.07970435158948146
tcr_23,4,200039855,83.79374045801526,76.67049999999999,78.36446808510638,71.14728571428573,77.20294117647059,74.23880341880341,79.50820512820513,72.73333333333332,0.7986418423796993,0.528,0.604,0.375,0.163,0.44875,0.44875,0.2818180037083519,0.3324573101878993,0.0165197696850268,0.0175668143385003,True,0.0,0.0,0.0,0.18804975,0.004675,0.6704166337291393,83.79374045801526,76.67049999999999,71.14728571428573,74.23880341880341,78.36446808510638,77.20294117647059,79.50820512820513,0.163,0.0,0.44875,0.3071376569481256,0.01704329201176355,LQ,0.12594314396895018,2.776534995740776e-06,0.8198107040078302,0.05424337548822433
tcr_23,2,200039855,84.22033510156554,77.84083333333334,79.61212765957448,72.58642857142857,79.36352941176472,75.36000000000001,80.56111111111112,73.90799999999999,0.8116753386203008,0.5599999999999999,0.606,0.43,0.167,0.406774193548387,0.406774193548387,0.336882107437593,0.3705248316570163,0.0218256051768932,0.0211425135859924,True,0.0,0.0,0.0,0.22170125,0.02505,0.7003158062179439,84.22033510156554,77.84083333333334,72.58642857142857,75.36000000000001,79.61212765957448,79.36352941176472,80.56111111111112,0.167,0.0,0.406774193548387,0.35370346954730464,0.0214840593814428,LQ,0.15954107875629694,0.0,0.737809256767176,0.1026496644765268
tcr_23,3,200039855,84.04172596713676,77.228,79.07,71.94128571428571,78.21441176470589,74.78188034188035,80.24452991452992,73.528,0.8061350754624061,0.542,0.604,0.3925,0.108,0.4730434782608697,0.4730434782608695,0.3016102048374436,0.3500670697310819,0.0183141672889716,0.0191000913296076,True,0.0,0.0,0.0,0.198656,0.01675,0.6861607222177557,84.04172596713676,77.228,71.94128571428571,74.78188034188035,79.07,78.21441176470589,80.24452991452992,0.108,0.0,0.47304347826086957,0.32583863728426277,0.0187071293092896,LQ,0.17443211713354068,2.776534995740776e-06,0.7379559190931541,0.08760918723830918
tcr_23,0,200039855,84.09530340276879,77.37333333333335,79.31148936170212,72.22871428571426,78.71029411764707,75.15991452991452,80.61102564102563,73.66413333333334,0.809140150650376,0.5599999999999999,0.61,0.42,0.121,0.4431999999999999,0.4432000000000001,0.3234626644741736,0.3633623204480848,0.0202873290135267,0.0201987369911589,True,0.0,0.0,0.0,0.21417175,0.015375,0.6990410054476152,84.09530340276879,77.37333333333335,72.22871428571426,75.15991452991452,79.31148936170212,78.71029411764707,80.61102564102563,0.121,0.0,0.44320000000000004,0.3434124924611292,0.0202430330023428,LQ,0.14667735173370866,2.776534995740776e-06,0.770722316895309,0.08259755483598646
tcr_21,1,3418413743,83.35450174938448,70.8385,76.60425531914893,67.49442857142857,69.82000000000001,69.54529914529914,74.19282051282052,67.94930555555555,0.741750641292735,0.408,0.602,0.195,0.187,0.1364583333333333,0.1364583333333333,0.1890898982703103,0.2088764513333664,0.0117226230497567,0.0107657122815191,True,0.0,0.0,0.0,0.11513225,0.0,0.5761198711727842,83.35450174938448,70.8385,67.49442857142857,69.54529914529914,76.60425531914893,69.82000000000001,74.19282051282052,0.187,0.0,0.1364583333333333,0.19898317480183836,0.0112441676656379,LQ,0.24168369636083312,0.0,0.696153193333236,0.062163110305930996
tcr_21,4,3418413743,83.50429716798138,71.10983333333334,76.69999999999999,67.38757142857143,69.32882352941176,69.66794871794872,74.20803418803419,68.03125,0.7418030985576924,0.406,0.606,0.1875,0.15,0.1335135135135135,0.1335135135135135,0.1876069546961862,0.2133185899019106,0.0114694094132926,0.0109182615539967,True,0.0,0.0,0.0,0.115524,0.0,0.5751412501198779,83.50429716798138,71.10983333333334,67.38757142857143,69.66794871794872,76.69999999999999,69.32882352941176,74.20803418803419,0.15,0.0,0.1335135135135135,0.2004627722990484,0.01119383548364465,LQ,0.19535279232102307,0.0,0.7629629125055115,0.04168429517346573
tcr_21,0,3418413743,83.87730076454581,71.82566666666666,76.7908510638298,68.10414285714286,70.24058823529413,70.34760683760683,75.25102564102565,67.89236111111111,0.7472574788995727,0.424,0.606,0.2225,0.188,0.1558139534883721,0.155813953488372,0.2079358586390634,0.2329061330216704,0.0123060388862353,0.0115721330283696,True,0.0,0.0,0.0,0.12496775,0.0,0.5912604829941155,83.87730076454581,71.82566666666666,68.10414285714286,70.34760683760683,76.7908510638298,70.24058823529413,75.25102564102565,0.188,0.0,0.15581395348837204,0.2204209958303669,0.011939085957302451,LQ,0.20790320644919824,0.0,0.7280110424739665,0.06408575107683524
tcr_21,3,3418413743,83.74198911494103,72.24266666666668,77.34340425531914,68.10457142857142,69.62558823529412,70.8197435897436,75.83290598290598,68.72819444444445,0.7510600430021368,0.424,0.61,0.22,0.117,0.2168965517241379,0.216896551724138,0.214116009177168,0.2558117088315912,0.0123361244315871,0.0123338091211471,True,0.0,0.0,0.0,0.122711,0.0,0.5898477685911987,83.74198911494103,72.24266666666668,68.10457142857142,70.8197435897436,77.34340425531914,69.62558823529412,75.83290598290598,0.117,0.0,0.21689655172413796,0.2349638590043796,0.0123349667763671,LQ,0.12940516656997963,0.0,0.8285286957648852,0.042066137665135846
tcr_21,2,3418413743,83.63008682130362,70.88216666666668,76.97021276595744,68.22271428571432,70.04205882352942,69.49333333333334,75.20393162393162,68.84055555555555,0.7469507481303418,0.424,0.608,0.21,0.222,0.1229090909090909,0.1229090909090909,0.1924540051781403,0.2155185222387814,0.0119352595093767,0.0109611158089365,True,0.0,0.0,0.0,0.1222445,0.0,0.5881522808653221,83.63008682130362,70.88216666666668,68.22271428571432,69.49333333333334,76.97021276595744,70.04205882352942,75.20393162393162,0.222,0.0,0.1229090909090909,0.20398626370846085,0.0114481876591566,LQ,0.2976401061716636,0.0,0.5462205801587344,0.15613931366960165
tcr_18,0,678364767,84.94845347482853,81.047,87.61957446808512,80.19214285714287,85.92323529411766,77.55683760683763,82.87803418803418,86.50588235294117,0.866465113056391,0.728,0.604,0.6925,0.369,0.7019354838709678,0.7019354838709679,0.8449394789651217,0.8185117355747424,0.400400625390521,0.2323144031738634,True,0.3994515,0.6895515,0.57877,0.630146,0.3067999999999999,0.8238427260832715,84.94845347482853,81.047,80.19214285714287,77.55683760683763,87.61957446808512,85.92323529411766,82.87803418803418,0.369,0.3994515,0.7019354838709679,0.831725607269932,0.3163575142821922,MQ,0.2875071805267314,0.013660509727240606,0.14068580509726047,0.5581465046487675
tcr_18,3,678364767,85.15165005823735,82.60466666666667,88.21468085106382,81.94457142857144,86.32588235294118,79.50965811965813,83.80222222222221,86.77352941176471,0.8761558273421053,0.74,0.604,0.71,0.396,0.6974193548387098,0.6974193548387098,0.8724348163880117,0.8537262475020263,0.4626731493836883,0.3093847002044322,True,0.4385025,0.7160457499999999,0.6182985,0.657496,0.33215,0.832107365484155,85.15165005823735,82.60466666666667,81.94457142857144,79.50965811965813,88.21468085106382,86.32588235294118,83.80222222222221,0.396,0.4385025,0.6974193548387098,0.863080531945019,0.38602892479406026,MQ,0.22574164746480377,0.019009255187985817,0.11014462888419156,0.6451044684630189
tcr_18,1,678364767,84.73154652517148,79.01666666666668,87.05127659574468,78.36457142857145,85.66264705882354,76.2211965811966,81.64153846153845,84.33044117647057,0.8514453386203009,0.7020000000000001,0.604,0.6575,0.309,0.6942857142857142,0.6942857142857143,0.794204951126704,0.7735104131114344,0.2864697651899849,0.1664253366025898,True,0.3353785,0.64126675,0.5202335,0.5811474999999999,0.2759749999999999,0.8060085636250248,84.73154652517148,79.01666666666668,78.36457142857145,76.2211965811966,87.05127659574468,85.66264705882354,81.64153846153845,0.309,0.3353785,0.6942857142857142,0.7838576821190693,0.22644755089628735,MQ,0.33731054342104755,0.009995552171239664,0.1741505973708814,0.47854330703683073
tcr_18,4,678364767,85.0819347741685,82.016,87.76702127659573,80.96957142857143,86.20647058823529,78.5667521367521,83.48,87.35308823529411,0.8731913160639098,0.734,0.604,0.6975,0.347,0.7148387096774194,0.7148387096774194,0.8535294213256284,0.8320287075868106,0.4275175439381715,0.26369714041025,True,0.4180014999999999,0.69779375,0.5917192499999999,0.6388125,0.315675,0.8269094642752275,85.0819347741685,82.016,80.96957142857143,78.5667521367521,87.76702127659573,86.20647058823529,83.48,0.347,0.4180014999999999,0.7148387096774194,0.8427790644562194,0.34560734217421074,MQ,0.28364485526348343,0.014616892107944483,0.12663790952804743,0.5751003431005248
tcr_18,2,678364767,84.90339717872395,81.74283333333334,87.85851063829789,80.78699999999999,86.37352941176471,78.05555555555554,82.98170940170941,86.18249999999998,0.8684104889962406,0.732,0.602,0.6925,0.352,0.6956249999999999,0.6956249999999999,0.8512511039887933,0.8303903606917273,0.41011251394351,0.2538780926282707,True,0.4137075,0.69840075,0.5924795,0.6388285,0.315975,0.8243991090160939,84.90339717872395,81.74283333333334,80.78699999999999,78.05555555555554,87.85851063829789,86.37352941176471,82.98170940170941,0.352,0.4137075,0.6956249999999999,0.8408207323402603,0.33199530328589033,MQ,0.2853790422462765,0.014579301636391298,0.13708148985961535,0.5629601662577167
tcr_24,0,2844021117,83.70821276595744,74.66166666666668,79.14340425531915,72.85814285714287,75.24264705882354,74.1908547008547,78.89188034188032,77.55759493670888,0.8083987220789473,0.4939999999999999,0.596,0.2925,0.171,0.2970967741935484,0.2970967741935484,0.1809556515374767,0.2083445340405924,0.0118653828087202,0.0114253649616086,True,0.0,0.0,0.0,0.1331197499999999,0.0,0.6282506671800837,83.70821276595744,74.66166666666668,72.85814285714287,74.1908547008547,79.14340425531915,75.24264705882354,78.89188034188032,0.171,0.0,0.2970967741935484,0.19465009278903456,0.0116453738851644,LQ,0.13662675900598256,0.0,0.8086759851358445,0.054697255858173234
tcr_24,3,2844021117,83.84800644745326,74.22033333333334,79.17234042553191,73.00942857142859,75.89588235294117,73.66948717948718,78.76683760683761,77.36746835443039,0.8059547747105263,0.496,0.596,0.3075,0.2,0.2409523809523809,0.2409523809523809,0.1874603853302429,0.2127936953678244,0.0121816809370789,0.0115131508123278,True,0.0,0.0,0.0,0.139741,0.0,0.632573753095383,83.84800644745326,74.22033333333334,73.00942857142859,73.66948717948718,79.17234042553191,75.89588235294117,78.76683760683761,0.2,0.0,0.2409523809523809,0.20012704034903364,0.01184741587470335,LQ,0.2370860588821734,0.0,0.6890342469124641,0.07387969420536265
tcr_24,2,2844021117,83.72901998710509,74.43583333333335,78.83148936170213,72.59485714285714,75.24588235294118,73.71512820512822,77.9523076923077,77.38075949367088,0.8043205265902257,0.496,0.596,0.3,0.178,0.2794285714285714,0.2794285714285714,0.1838964803091784,0.208453656496016,0.0119393915669909,0.0113798882322125,True,0.0,0.0,0.0,0.1347715,0.0,0.6297434927649224,83.72901998710509,74.43583333333335,72.59485714285714,73.71512820512822,78.83148936170213,75.24588235294118,77.9523076923077,0.178,0.0,0.2794285714285714,0.19617506840259719,0.0116596398996017,LQ,0.1567593612181457,0.0,0.7868362948610654,0.056404343920789385
tcr_24,4,2844021117,83.49203481624758,71.58783333333332,78.10170212765956,70.78842857142857,74.88647058823528,71.85153846153847,77.36914529914532,76.50164556962027,0.7923959401240601,0.484,0.596,0.275,0.086,0.285,0.285,0.1840319205808098,0.2230783277816642,0.0121474675853495,0.0117814978086489,True,0.0,0.0,0.0,0.13431625,0.0,0.6171814738951726,83.49203481624758,71.58783333333332,70.78842857142857,71.85153846153847,78.10170212765956,74.88647058823528,77.36914529914532,0.086,0.0,0.285,0.203555124181237,0.0119644826969992,LQ,0.1305721634224789,0.0,0.8255036623032344,0.043924174274287554
tcr_24,1,2844021117,83.46089103803997,74.34966666666668,79.02829787234042,72.4202857142857,75.3370588235294,73.9659829059829,78.28598290598293,77.06746835443037,0.8047574814774436,0.4939999999999999,0.596,0.2975,0.18,0.2791176470588235,0.2791176470588234,0.182009157332437,0.2093825338246669,0.0118843351135316,0.0114471794585065,True,0.0,0.0,0.0,0.13418325,0.0,0.6277266659085677,83.46089103803997,74.34966666666668,72.4202857142857,73.9659829059829,79.02829787234042,75.3370588235294,78.28598290598293,0.18,0.0,0.27911764705882347,0.19569584557855196,0.011665757286019051,LQ,0.17924208767048544,0.0,0.7573392986926251,0.06341861363688943
tcr_20,1,2857348082,83.20502896871379,72.81283333333334,76.96085106382978,69.81671428571426,73.94970588235293,71.47581196581197,74.74794871794872,74.24175824175825,0.7876606769661654,0.4640000000000001,0.598,0.25,0.153,0.2172727272727272,0.2172727272727272,0.167677736291399,0.2099910512928004,0.0113566561523386,0.0108998979918752,True,0.0,0.0,0.0,0.12000725,0.0,0.6018898729741408,83.20502896871379,72.81283333333334,69.81671428571426,71.47581196581197,76.96085106382978,73.94970588235293,74.74794871794872,0.153,0.0,0.2172727272727272,0.1888343937920997,0.0111282770721069,LQ,0.15565364418822905,0.0,0.7902695587594847,0.05407679705228716
tcr_20,0,2857348082,83.35484356894554,73.0941666666667,77.1663829787234,69.75500000000001,74.06676470588233,71.85153846153845,75.25256410256411,74.71483516483516,0.7899123311015036,0.462,0.6,0.2475,0.172,0.2267857142857143,0.2267857142857142,0.1622999257302439,0.2035384399531097,0.01113336966282,0.0107785726523429,True,0.0,0.0,0.0,0.11818275,0.0,0.6007056923496892,83.35484356894554,73.0941666666667,69.75500000000001,71.85153846153845,77.1663829787234,74.06676470588233,75.25256410256411,0.172,0.0,0.22678571428571426,0.1829191828416768,0.01095597115758145,LQ,0.1522223598949938,0.0,0.7924476672294802,0.055329972875526635
tcr_20,4,2857348082,83.24650444186945,72.72683333333333,76.87829787234043,69.43942857142856,74.02764705882353,71.51478632478634,74.92068376068376,75.46087912087911,0.7900506017781955,0.4599999999999999,0.6,0.24,0.123,0.2191666666666666,0.2191666666666666,0.1566167276204188,0.1996626446300459,0.0110454132485131,0.0106856806688927,True,0.0,0.0,0.0,0.1161635,0.0,0.6004864450895789,83.24650444186945,72.72683333333333,69.43942857142856,71.51478632478634,76.87829787234043,74.02764705882353,74.92068376068376,0.123,0.0,0.2191666666666666,0.17813968612523234,0.010865546958702899,LQ,0.15257878892426,0.0,0.7979882707203101,0.049432940355430784
tcr_20,2,2857348082,83.38106218617227,73.38533333333334,77.34553191489363,70.07914285714287,74.71823529411763,71.79726495726496,74.49230769230769,74.02197802197803,0.7883858273421053,0.478,0.6,0.27,0.204,0.2041025641025641,0.204102564102564,0.1717098423103363,0.2125026818466651,0.0114751932959265,0.0111100324660314,True,0.0,0.0,0.0,0.12670025,0.0,0.6176855964687574,83.38106218617227,73.38533333333334,70.07914285714287,71.79726495726496,77.34553191489363,74.71823529411763,74.49230769230769,0.204,0.0,0.20410256410256405,0.1921062620785007,0.01129261288097895,LQ,0.23485414490724016,0.0,0.6797870368402058,0.0853588182525541
tcr_20,3,2857348082,83.25867001416248,72.70533333333333,77.37914893617021,69.7792857142857,74.52735294117647,71.71606837606838,75.4105128205128,75.43582417582417,0.7921243235827067,0.4679999999999999,0.6,0.25,0.138,0.2176666666666666,0.2176666666666666,0.1625487621751841,0.2037748069566375,0.0112936718204292,0.0108811238212381,True,0.0,0.0,0.0,0.11859225,0.0,0.6076975524101578,83.25867001416248,72.70533333333333,69.7792857142857,71.71606837606838,77.37914893617021,74.52735294117647,75.4105128205128,0.138,0.0,0.2176666666666666,0.1831617845659108,0.01108739782083365,LQ,0.1450837916125307,0.0,0.80337596862698,0.05154023976049017
tcr_19,3,2042203544,84.47372698988852,72.83216666666667,77.80234042553191,70.0607142857143,69.145,71.98897435897435,77.0780341880342,73.59887323943661,0.7754516920037593,0.462,0.6,0.2675,0.112,0.1929032258064516,0.1929032258064516,0.2930548886662722,0.3221832981071828,0.0166191903139324,0.0148446853040442,True,0.0,0.0,0.0,0.1780815,0.0212,0.6056098195521573,84.47372698988852,72.83216666666667,70.0607142857143,71.98897435897435,77.80234042553191,69.145,77.0780341880342,0.112,0.0,0.1929032258064516,0.30761909338672755,0.0157319378089883,LQ,0.13401636603152178,0.0,0.8259776781287641,0.04000595583971494
tcr_19,2,2042203544,84.79696136893959,72.88866666666667,78.60212765957446,69.76757142857143,70.27588235294118,72.56324786324784,77.90923076923077,73.99704225352116,0.7800055265902255,0.462,0.598,0.275,0.174,0.2240909090909091,0.2240909090909091,0.2970100810385709,0.345058432774274,0.0172331851784732,0.0166863874773117,True,0.0053124999999999,0.15221725,0.0053124999999999,0.1816165,0.026375,0.6015979887478321,84.79696136893959,72.88866666666667,69.76757142857143,72.56324786324784,78.60212765957446,70.27588235294118,77.90923076923077,0.174,0.0053124999999999,0.2240909090909091,0.32103425690642245,0.01695978632789245,LQ,0.12308318944122726,0.0,0.8290813420678464,0.04783546849092749
tcr_19,4,2042203544,84.4284093855328,72.19849999999998,78.07340425531915,69.56071428571428,69.96617647058822,71.74555555555554,76.49247863247864,71.53507042253521,0.7701867671917293,0.4640000000000001,0.6,0.2774999999999999,0.176,0.2148780487804878,0.2148780487804877,0.2905272631373857,0.3366203969998314,0.0163736555516189,0.0156857748633668,True,0.00520525,0.15009,0.00520525,0.1836675,0.0242,0.6006571050921783,84.4284093855328,72.19849999999998,69.56071428571428,71.74555555555554,78.07340425531915,69.96617647058822,76.49247863247864,0.176,0.00520525,0.21487804878048775,0.3135738300686085,0.01602971520749285,LQ,0.1262027234748585,0.0,0.8233116879300223,0.05048558859512054
tcr_19,0,2042203544,84.51760565206119,71.80883333333333,78.16468085106384,69.59628571428571,69.91088235294119,71.58735042735044,76.81333333333333,73.81549295774647,0.7740289100488722,0.466,0.6,0.28,0.181,0.2335135135135135,0.2335135135135135,0.2969480598931443,0.3481424898410349,0.0172086748351569,0.0158455067596185,True,0.00510125,0.14795675,0.00510125,0.18384025,0.025575,0.6040257278797809,84.51760565206119,71.80883333333333,69.59628571428571,71.58735042735044,78.16468085106384,69.91088235294119,76.81333333333333,0.181,0.00510125,0.2335135135135135,0.3225452748670896,0.0165270907973877,LQ,0.16428179877491234,0.0,0.7795383105499496,0.05617989067513906
tcr_19,1,2042203544,84.79542390458906,72.80900000000001,78.76680851063831,70.02557142857141,70.49176470588236,71.88752136752136,77.54051282051282,74.85211267605635,0.7807739852368422,0.47,0.6,0.285,0.17,0.2197619047619048,0.2197619047619047,0.2981015843201999,0.3431442009095745,0.0175810936387349,0.0163143364227855,True,0.005397,0.15390475,0.005397,0.188301,0.0301,0.6076956861825537,84.79542390458906,72.80900000000001,70.02557142857141,71.88752136752136,78.76680851063831,70.49176470588236,77.54051282051282,0.17,0.005397,0.21976190476190474,0.3206228926148872,0.016947715030760202,LQ,0.11868770609987152,0.0,0.8347313114973473,0.046580982402782516
