tcr_id,model_i,model_j,DockQ,iRMSD,LRMSD,fnat,clashes
tcr_23,1,2,0.688,0.553,9.574,0.742,0
tcr_24,0,3,0.475,1.766,10.326,0.603,1
tcr_23,0,4,0.602,1.456,8.861,0.812,0
tcr_24,2,3,0.452,1.833,14.213,0.692,0
tcr_24,0,1,0.521,1.259,15.373,0.744,1
tcr_24,0,2,0.662,0.508,13.387,0.803,1
tcr_23,1,3,0.785,0.459,7.397,0.873,0
tcr_24,1,4,0.309,4.011,19.344,0.643,0
tcr_23,0,2,0.532,1.355,19.691,0.887,0
tcr_23,0,3,0.59,1.498,11.324,0.909,0
tcr_24,2,4,0.301,4.39,13.767,0.524,0
tcr_24,0,4,0.257,4.296,21.142,0.524,1
tcr_24,1,3,0.488,1.4,17.07,0.731,0
tcr_24,3,4,0.355,2.829,16.927,0.643,1
tcr_24,1,2,0.609,0.946,13.586,0.829,0
tcr_23,0,1,0.692,0.171,16.99,0.889,0
tcr_17,0,2,0.045,17.166,61.353,0.107,0
tcr_23,1,4,0.623,0.67,15.138,0.797,0
tcr_17,0,3,0.042,20.04,62.369,0.103,0
tcr_17,0,1,0.099,7.17,24.784,0.149,0
tcr_23,3,4,0.704,0.644,8.715,0.781,0
tcr_17,1,3,0.015,17.438,58.87,0.017,0
tcr_17,0,4,0.048,13.474,41.638,0.093,0
tcr_17,1,4,0.04,12.391,31.454,0.037,0
tcr_23,2,4,0.611,0.62,19.048,0.812,0
tcr_17,3,4,0.093,8.226,40.223,0.204,1
tcr_23,2,3,0.714,0.483,11.711,0.891,0
tcr_17,2,3,0.376,4.557,12.318,0.707,1
tcr_21,0,1,0.419,2.041,17.196,0.711,1
tcr_21,0,2,0.598,1.156,10.179,0.757,1
tcr_17,1,2,0.016,16.974,57.436,0.018,0
tcr_17,2,4,0.074,9.031,37.85,0.148,1
tcr_21,0,3,0.048,14.554,64.877,0.118,1
tcr_21,0,4,0.39,2.189,20.212,0.7,1
tcr_21,1,2,0.591,1.165,11.203,0.784,0
tcr_21,1,3,0.041,15.592,67.189,0.098,0
tcr_21,1,4,0.623,0.907,13.935,0.867,0
tcr_21,3,4,0.031,17.033,63.627,0.067,0
tcr_21,2,3,0.042,15.082,64.47,0.098,2
tcr_27,0,1,0.58,1.246,11.489,0.794,1
tcr_21,2,4,0.551,1.586,11.677,0.833,2
tcr_27,0,4,0.219,5.052,24.715,0.471,1
tcr_27,1,3,0.432,2.803,12.467,0.756,0
tcr_27,1,2,0.006,25.974,69.171,0.0,0
tcr_27,0,2,0.006,25.599,71.193,0.0,1
tcr_27,0,3,0.505,1.977,12.841,0.844,1
tcr_27,2,3,0.008,17.059,66.684,0.0,0
tcr_27,1,4,0.261,3.981,30.843,0.588,0
tcr_27,2,4,0.007,15.27,78.167,0.0,0
tcr_27,3,4,0.121,6.49,34.844,0.255,0
tcr_19,0,1,0.434,1.626,30.765,0.772,2
tcr_19,0,4,0.429,1.665,18.56,0.667,2
tcr_19,0,2,0.319,2.925,14.47,0.492,2
tcr_19,0,3,0.36,2.25,21.725,0.638,2
tcr_19,1,3,0.434,1.589,17.459,0.638,0
tcr_19,1,2,0.261,2.905,32.494,0.508,0
tcr_19,2,3,0.23,3.948,26.107,0.468,0
tcr_19,3,4,0.422,2.597,8.219,0.5,0
tcr_19,1,4,0.395,1.702,19.064,0.583,0
tcr_18,0,1,0.84,0.693,4.018,0.878,1
tcr_18,0,2,0.859,0.314,5.468,0.913,1
tcr_19,2,4,0.394,1.832,23.743,0.667,0
tcr_18,0,4,0.675,0.479,13.652,0.838,1
tcr_18,0,3,0.814,0.734,5.63,0.94,1
tcr_18,1,2,0.764,0.676,7.488,0.899,0
tcr_18,1,3,0.74,1.045,6.437,0.91,0
tcr_18,1,4,0.608,0.83,14.863,0.811,0
tcr_18,2,3,0.753,0.773,8.02,0.94,0
tcr_18,2,4,0.672,0.547,13.99,0.865,0
tcr_18,3,4,0.591,1.193,11.951,0.824,0
tcr_25,0,1,0.858,0.525,3.945,0.86,0
tcr_25,0,3,0.782,0.378,8.506,0.906,0
tcr_25,0,2,0.81,0.23,7.538,0.895,0
tcr_25,1,2,0.783,0.529,7.746,0.912,0
tcr_25,0,4,0.67,2.12,4.432,0.891,0
tcr_25,1,4,0.565,3.06,6.277,0.855,0
tcr_25,1,3,0.637,1.656,8.214,0.943,0
tcr_25,2,3,0.616,1.35,12.034,0.962,0
tcr_25,2,4,0.595,2.679,6.661,0.927,0
tcr_25,3,4,0.443,4.744,10.803,0.855,0
tcr_22,0,1,0.467,1.336,16.86,0.642,0
tcr_22,0,2,0.407,2.707,9.785,0.556,0
tcr_22,0,3,0.662,0.753,9.539,0.746,0
tcr_22,1,2,0.334,2.331,15.66,0.481,0
tcr_22,0,4,0.518,1.467,11.958,0.706,0
tcr_22,1,3,0.614,0.919,9.642,0.678,0
tcr_22,1,4,0.486,1.411,12.96,0.627,0
tcr_22,2,3,0.413,2.296,9.783,0.508,0
tcr_22,2,4,0.53,1.666,11.925,0.804,0
tcr_22,3,4,0.643,1.108,7.017,0.686,1
tcr_26,0,4,0.732,0.853,8.379,0.933,0
tcr_26,0,1,0.122,6.077,23.114,0.189,0
tcr_26,1,4,0.147,6.132,19.311,0.222,0
tcr_26,0,2,0.582,0.991,12.505,0.734,0
tcr_26,0,3,0.734,0.644,8.977,0.885,0
tcr_26,1,2,0.116,6.97,31.403,0.234,0
tcr_26,1,3,0.109,6.129,28.997,0.192,0
tcr_26,3,4,0.629,0.827,13.02,0.822,0
tcr_26,2,3,0.652,1.081,9.38,0.846,0
tcr_26,2,4,0.54,1.247,16.638,0.822,0
tcr_20,0,2,0.728,0.642,6.96,0.74,0
tcr_20,0,1,0.546,0.784,21.534,0.717,0
tcr_20,0,3,0.505,1.371,12.745,0.662,0
tcr_20,0,4,0.553,1.197,11.407,0.69,0
tcr_20,1,2,0.37,2.279,23.0,0.688,1
tcr_20,1,3,0.371,1.93,18.256,0.558,1
tcr_20,1,4,0.449,1.552,16.544,0.655,1
tcr_20,2,3,0.479,1.342,16.592,0.675,1
tcr_20,2,4,0.642,1.053,9.833,0.828,1
tcr_20,3,4,0.65,0.84,15.137,0.948,0
