tcr_id,DockQ_max,DockQ_mean,iRMSD_min,iRMSD_mean,LRMSD_min,LRMSD_mean,Fnat_max,Fnat_mean,clashes_min,clashes_mean
tcr_17_0,0.4179227607034164,0.14246646339834457,1.4261127590597842,6.875803134876369,4.361022524908791,14.721225176040742,0.12307692307692308,0.025788576670133085,0,0.0
tcr_17_1,0.12550295205231854,0.05096411756584628,5.371653977959952,10.96379476149304,12.856116661747862,24.497163248996017,0.04,0.0031693673492757834,0,0.0
tcr_17_2,0.03885831649257788,0.01884276467109789,8.142346799774126,17.3482086651813,28.0854645006284,39.23545437258075,0.0273972602739726,0.00203883404141324,0,0.03389830508474576
tcr_17_3,0.040626259245389186,0.019473325747221985,7.737526043560296,17.48219464199904,27.707989291674465,38.37827980121805,0.031746031746031744,0.0021998737063011605,0,0.0
tcr_17_4,0.050063625213321805,0.027403240408657208,6.292858742586129,15.448747093623123,23.07419000903382,31.79176844628166,0.04081632653061224,0.002529131648594064,0,0.062146892655367235
tcr_18_0,0.39061303937529335,0.1693707602586767,1.8196008125554848,6.715545152974856,4.642306463508008,12.517372579353212,0.18309859154929578,0.03151789554840622,0,0.011299435028248588
tcr_18_1,0.41343507450570266,0.17416049782562543,1.8053770974976808,6.57509527377065,3.9865691213026033,12.482641923126582,0.19718309859154928,0.03505143015185454,0,0.0
tcr_18_2,0.3932561986056508,0.16798394475961756,1.7429835553793473,6.730671148397879,5.5751316876349435,12.629020567797122,0.1746031746031746,0.0317155889446249,0,0.0
tcr_18_3,0.4241139166529207,0.16472786954865107,1.663881918438553,6.792297620843979,4.608937013824212,12.923198118384398,0.18309859154929578,0.030945887260092522,0,0.0
tcr_18_4,0.37517609075201275,0.16571422474943126,1.6443893957065947,6.847216766391065,4.847326192922756,12.765813093579256,0.1746031746031746,0.031682629018923034,0,0.0
tcr_19_0,0.34097327185806336,0.15021250606978517,1.80345513652994,7.073274435146625,3.6538177836603,14.31633127550214,0.12,0.028250305876267784,0,0.4745762711864407
tcr_19_1,0.34382046702322916,0.15218098855845308,1.6661031256473926,7.092331986927062,4.717260225144884,13.544599464778054,0.1,0.020057907298748862,0,0.0
tcr_19_2,0.33567656267659235,0.16476999639659018,2.061858078584968,6.811688976995742,3.00016399860061,13.448459527904612,0.16176470588235295,0.037440061537335693,0,0.0
tcr_19_3,0.402295154187944,0.1464433982188531,1.5243293955374104,7.432948006884597,2.3098888849638697,13.617324898765547,0.12,0.01788362206060142,0,0.0
tcr_19_4,0.4012551811250251,0.17918740194570376,1.7918915656545538,6.890288376785319,4.006765489220685,12.143136006880553,0.14285714285714285,0.03181171435664983,0,0.03389830508474576
tcr_20_0,0.4112731431983431,0.15978350521887516,1.5216139677238971,7.0324238396413765,3.551179528449612,13.058391247151224,0.14285714285714285,0.023415837324932007,0,0.0
tcr_20_1,0.41716435975016114,0.16722454175585044,1.5070610770302617,6.772207692318485,3.99995194791073,12.682860959653803,0.18,0.024561262278262587,0,0.0
tcr_20_2,0.426321585446049,0.16999002646387812,1.6104340006630313,6.89921137612793,4.33950451738768,12.493006036226221,0.18,0.027104054343133312,0,0.011299435028248588
tcr_20_3,0.3854044182842389,0.15081668034068368,1.8895896199327538,7.23212002269768,3.739394766130294,13.26189868373561,0.15873015873015872,0.02249515490782846,0,0.0
tcr_20_4,0.41369296823125995,0.1536629981924433,1.8626679304083686,7.02230350964517,3.871971409020319,13.195722251378093,0.14285714285714285,0.01782544168199343,0,0.0
tcr_21_0,0.3360187018411658,0.15832350004871756,2.0446400984547926,6.922841559115818,3.6287990496290887,13.817506530291627,0.136986301369863,0.03371158354427294,0,0.06779661016949153
tcr_21_1,0.47102095872706257,0.17942960479431544,1.1934251386128807,6.769350194143994,4.3602401192321425,12.161184585989426,0.14,0.03098597963290842,0,0.0
tcr_21_2,0.3738828348767759,0.17592176681207067,1.6731298601665467,6.79209067530786,4.296259354711961,12.423694031311664,0.14084507042253522,0.03252531003963309,0,0.11299435028248588
tcr_21_3,0.034841036466248344,0.018701400637750096,8.485118739299269,17.095717240097937,30.02034353987805,40.46240138875706,0.03333333333333333,0.003894185568461343,0,0.0
tcr_21_4,0.532951130520204,0.17043875843951448,1.1581768240646564,6.902984959410579,2.145695674690476,12.659558927326504,0.10294117647058823,0.026987626012591935,0,0.0
tcr_22_0,0.14458161547707601,0.05551613818641363,5.4125232588060666,11.315092478113824,11.274078200368107,21.877115102232217,0.06349206349206349,0.0035923614105454952,0,0.0
tcr_22_1,0.18395991048368773,0.061411319904422335,5.153828051699296,10.776662879898211,9.349588003374667,20.885821277399824,0.04918032786885246,0.004407481717745542,0,0.0
tcr_22_2,0.2556866460362779,0.07704881884437267,3.750175683886534,9.476790160532317,6.6887394207120945,18.711578937950375,0.07936507936507936,0.006636154512425495,0,0.0
tcr_22_3,0.17012256113903715,0.05739688725739409,5.073221336841204,10.92802845354773,10.224029668927857,21.839628769274583,0.04918032786885246,0.004778616117631295,0,0.011299435028248588
tcr_22_4,0.20088408634800428,0.061343828440489856,4.668079616448428,10.548733854423993,8.325773107815104,20.939444277531646,0.047619047619047616,0.0028732329692391988,0,0.062146892655367235
tcr_23_0,0.0368120905595135,0.018905443742371845,8.76947564107602,17.30829163445642,28.402759792552054,39.55018513445155,0.0273972602739726,0.002811953553232899,0,0.0
tcr_23_1,0.03699705699485677,0.018647199757043608,8.68163622507907,17.203994323620275,28.394830315179195,39.62907034674469,0.018867924528301886,0.0021550432135199636,0,0.0
tcr_23_2,0.03749243301093199,0.019010358563033698,8.454085847374653,17.203703073254488,28.41185287432605,39.449359313933975,0.0273972602739726,0.0028853265079617856,0,0.0
tcr_23_3,0.036038304349325145,0.018673145830221165,8.4908837464087,17.237998930528114,29.20934496416228,39.86301773289005,0.0273972602739726,0.002811953553232899,0,0.0
tcr_23_4,0.03567336617056511,0.018274905408079266,8.238164887150283,17.511480805126922,29.830533328977868,40.11765239258635,0.018867924528301886,0.0023801479471970335,0,0.0
tcr_24_0,0.3159311603404702,0.13330138765119653,2.118903937544093,7.479519910745969,5.582171962549143,14.585618571121472,0.09523809523809523,0.01730172721295916,0,0.07909604519774012
tcr_24_1,0.3110891696197078,0.1358858547568088,2.081439157065687,7.492004252216058,5.842851336885401,14.559521734009504,0.10256410256410256,0.021565286348772028,0,0.0
tcr_24_2,0.33894056998274436,0.14417659701296467,2.0739193311459685,7.366525338867765,5.663701497116307,13.752844398251778,0.09523809523809523,0.02308978204827175,0,0.0
tcr_24_3,0.2857411989524566,0.11858497081080609,2.5894779651573963,8.181581526200407,6.57702321288329,15.339154561358583,0.08333333333333333,0.018055771284125773,0,0.07909604519774012
tcr_24_4,0.1429717998892717,0.07039878900846613,4.68783978704557,10.031193960862732,10.965405722767331,19.357750005735806,0.03333333333333333,0.0021704999628319294,0,0.0
tcr_25_0,0.40542124590234646,0.15345657544150124,1.6607940584351637,7.162643732777425,2.4678846330825897,13.407022225821688,0.14035087719298245,0.019527074553455877,0,0.0
tcr_25_1,0.41614132234488793,0.1542411713439096,1.8398188163654257,7.261983991072494,2.345350991122241,13.367866477293303,0.15789473684210525,0.0234450725412512,0,0.0
tcr_25_2,0.38813270254023174,0.1566612702311834,1.7115116608144494,7.1387454948861135,2.9225433436667174,13.081988406953228,0.15789473684210525,0.02083780559505869,0,0.0
tcr_25_3,0.39978521934461525,0.1561598422975947,1.7837913077432508,7.23162722925079,2.8032620658365595,13.173307199177643,0.14035087719298245,0.019899721424446765,0,0.0
tcr_25_4,0.36033986030196224,0.15045862918443922,1.7222892938472367,7.087174418083946,2.864598443395242,13.652385449254135,0.14035087719298245,0.02046676668042957,0,0.0
tcr_26_0,0.24182762236432775,0.07784652859027114,3.6971943066469244,9.516212049665057,7.502214581167405,18.757715699733854,0.05263157894736842,0.006111618723666635,0,0.0
tcr_26_1,0.36461217750675107,0.15648896285042543,1.8662844511120726,6.771092367245189,3.7554690576505942,13.938676542656461,0.18309859154929578,0.029425529567511287,0,0.0
tcr_26_2,0.20793465860320437,0.06859046576598479,4.215650224370626,10.116353622645965,8.515068864063078,20.045665811782296,0.05263157894736842,0.006961678456571863,0,0.0
tcr_26_3,0.24765069228244405,0.07577931020899167,3.727162174409501,9.57258226758198,7.272904243541751,19.018444734197057,0.05263157894736842,0.0056365241675098415,0,0.0
tcr_26_4,0.1918149534450714,0.07797978967937519,4.10753393695828,9.835334431002341,8.510553620719058,18.270126820706125,0.05263157894736842,0.0039274423995695005,0,0.0
tcr_27_0,0.041783883679156704,0.02048827542219809,7.087262026370985,17.51356075480283,28.318659434513645,37.951578914453336,0.047619047619047616,0.004251932921241147,0,0.13559322033898305
tcr_27_1,0.03873381763195263,0.01935289800858673,6.534101910825959,17.644382275754598,28.237302943423206,39.74539664602502,0.03333333333333333,0.004982520527103695,0,0.0
tcr_27_2,0.022533465839326722,0.013489004470833692,17.190945440644885,21.696432324687414,33.0458758827872,46.20480976522679,0.0,0.0,0,0.0
tcr_27_3,0.04369799329010443,0.02071648861706373,7.760379058463922,17.311742262360298,26.223020495587356,37.923693632262335,0.03333333333333333,0.004596124295246714,0,0.0
tcr_27_4,0.046891361438224456,0.024171080052542294,5.592451037022233,16.912176794253764,25.918908100230784,34.41631809675933,0.03333333333333333,0.004255245800457018,0,0.192090395480226
