tcr_id,tcrdist_cdr3a_min,tcrdist_cdr3a_mean,tcrdist_cdr3a_max,tcrdist_cdr3b_min,tcrdist_cdr3b_mean,tcrdist_cdr3b_max,sim_MHC_min,sim_MHC_mean,sim_MHC_max,sim_Epitope_min,sim_Epitope_mean,sim_Epitope_max,TRAV_overlap,TRAJ_overlap,TRBV_overlap,TRBJ_overlap,Epitope_overlap
tcr_17,4.0,24.73846153846154,44.0,8.0,28.592307692307692,48.0,0.5092592592592593,0.7424309130308097,1.0,0.0,0.10818396920091836,0.33333333333333337,True,True,True,True,False
tcr_18,8.0,26.26923076923077,40.0,16.0,27.346153846153847,39.0,0.5339506172839507,0.7543361566300189,0.945054945054945,0.0,0.08290817782343207,0.2727272727272727,True,True,True,True,False
tcr_19,20.0,32.05384615384615,46.0,15.0,27.361538461538462,44.0,0.5185185185185185,0.7983953198571146,1.0,0.0,0.10009613738427298,0.30000000000000004,True,True,True,True,False
tcr_20,10.0,28.06153846153846,50.0,20.0,32.223076923076924,47.0,0.5462962962962963,0.7376553389939423,0.9285714285714286,0.0,0.06642346981330033,0.4444444444444444,True,True,True,True,False
tcr_21,11.0,28.146153846153847,46.0,15.0,26.43846153846154,44.0,0.5,0.7586769331537566,1.0,0.0,0.11801983327407053,0.4,True,True,True,True,False
tcr_22,12.0,25.76923076923077,39.0,20.0,31.776923076923076,47.0,0.5462962962962963,0.7376553389939423,0.9285714285714286,0.0,0.16433434738519487,0.33333333333333337,True,True,True,True,False
tcr_23,4.0,29.33076923076923,55.0,14.0,30.923076923076923,42.0,0.5092592592592593,0.7424309130308097,1.0,0.0,0.07100996931505406,0.33333333333333337,True,True,True,True,False
tcr_24,12.0,26.20769230769231,45.0,16.0,29.953846153846154,43.0,0.5462962962962963,0.7376553389939423,0.9285714285714286,0.0,0.14091677312016296,0.33333333333333337,True,True,True,True,False
tcr_25,12.0,33.83076923076923,43.0,20.0,33.146153846153844,44.0,0.5092592592592593,0.7424309130308097,1.0,0.0,0.14827852624462798,0.3846153846153846,True,True,True,True,False
tcr_26,0.0,27.215384615384615,47.0,0.0,26.0,42.0,0.5462962962962963,0.7376553389939423,0.9285714285714286,0.0,0.13119855662228544,0.33333333333333337,True,True,True,True,False
tcr_27,0.0,27.215384615384615,47.0,3.0,26.323076923076922,40.0,0.5,0.7586769331537566,1.0,0.0,0.15044622671741317,0.4444444444444444,True,True,True,True,False
