residue_from,residue_to,potential
A,A,-0.051965545646827836
A,C,-0.06290067432259744
A,D,0.73281815512335
A,E,-0.6490195237480234
A,F,0.17126809976463017
A,G,-0.01930895465696037
A,H,0.5886317796312353
A,I,0.11829572271073305
A,K,-0.13763097791871695
A,L,0.29191040256933176
A,M,-0.5394418889574886
A,N,-0.10905732358008156
A,P,0.2680836465205199
A,Q,-0.06034158996509734
A,R,0.21058325236589803
A,S,0.289404784798677
A,T,0.055619322069547034
A,V,0.11459394547374879
A,W,-0.057704079948434024
A,Y,-0.3835161085910223
C,A,0.2536870710482241
C,C,-1.3652466387970301
C,D,0.23250660933976186
C,E,0.0537084099369835
C,F,0.7121963822277011
C,G,0.09952483893420362
C,H,-0.343914963178977
C,I,0.34241839692876486
C,K,0.3815309591257257
C,L,0.8110693927920185
C,M,-1.1505889119309436
C,N,-1.0121387842033311
C,P,0.29174355758752796
C,Q,0.6609258936866059
C,R,0.3346179315182126
C,S,-1.5557735617692414
C,T,0.5442197433040921
C,V,0.23278803986415716
C,W,0.1332912986719929
C,Y,0.3765217759680304
D,A,0.054168729423056776
D,C,0.2902696320313238
D,D,0.8008723571064469
D,E,1.1019547014500382
D,F,-0.264978054386683
D,G,-0.05548887149195687
D,H,0.9827111877315456
D,I,0.3812562506497629
D,K,-0.444313704395455
D,L,0.08784388740209376
D,M,0.7266994300963757
D,N,-0.33884014189974665
D,P,0.16260576377078967
D,Q,0.16248364630337245
D,R,-0.510404908835552
D,S,-0.16186990204386145
D,T,-0.46625639377732336
D,V,0.17103697404402726
D,W,0.08910884223762952
D,Y,-0.034211166583278316
E,A,-0.09757804287474504
E,C,-0.21744119183652474
E,D,1.4507372904256897
E,E,0.13919807806411427
E,F,0.020367664278051412
E,G,0.41776935246843916
E,H,0.23446645239948766
E,I,0.7351440552021042
E,K,-0.46013431419599826
E,L,0.08980763386629878
E,M,0.7901693918531197
E,N,-0.0067607131670801976
E,P,0.6010563702297695
E,Q,-0.017252814305531362
E,R,-0.934221360754597
E,S,0.019439617603014187
E,T,-0.25709341376048017
E,V,0.16595358451642214
E,W,-0.5426958699862587
E,Y,0.24429910837702223
F,A,0.17136309615112524
F,C,1.4804937859475524
F,D,0.7520664695135338
F,E,-0.5764030094545167
F,F,0.07987681664776175
F,G,0.4303279600715207
F,H,-1.0979018503800795
F,I,-0.15349627876977823
F,K,0.9231166532458841
F,L,0.07230187275960133
F,M,-0.5452367742890418
F,N,0.4401504503564041
F,P,-0.3743610193143683
F,Q,-0.06797649785160481
F,R,-0.21662277099983074
F,S,-0.21585450624849248
F,T,0.4021091269897383
F,V,0.3646746793955699
F,W,0.679356184072121
F,Y,-0.1486759816208443
G,A,-0.02591995966825587
G,C,-0.23307083424639752
G,D,-0.3100569837988656
G,E,-0.09366641184040767
G,F,-0.046402346819790434
G,G,-0.19613850558934112
G,H,0.5186886518655107
G,I,0.12887309730730637
G,K,0.0803675507200469
G,L,0.04632459469466172
G,M,0.41786356400434943
G,N,-0.09067285327336132
G,P,0.047036730883548046
G,Q,-0.12816353636956293
G,R,0.31403421421537997
G,S,-0.2903196592436499
G,T,0.10760791615483857
G,V,0.0018435805028618295
G,W,-0.0675404873201754
G,Y,-0.03915406868308581
H,A,0.15161965975789093
H,C,1.394352561879102
H,D,0.4866010425882971
H,E,0.25452057387963906
H,F,-0.00975469094916954
H,G,-0.1333740213058564
H,H,-0.04450922266109469
H,I,-0.04818184290078469
H,K,0.7428889489702452
H,L,-0.3057146709972368
H,M,0.3065606480737431
H,N,0.9560819750795465
H,P,-0.5978926719121054
H,Q,-0.28368459212517394
H,R,0.3576670833414343
H,S,0.15230399338524414
H,T,0.8665979800199026
H,V,-0.1074340848796887
H,W,-0.17495731686824295
H,Y,-0.444814303650022
I,A,0.05153601633664428
I,C,1.628867293816422
I,D,0.7318557821870021
I,E,0.9016205095747591
I,F,-0.3387181739731285
I,G,0.1713588080662985
I,H,1.387986506744392
I,I,0.24244640638614454
I,K,0.15432693316619897
I,L,0.19438679860755542
I,M,-0.005278501518358094
I,N,-0.31388137970677193
I,P,0.7166055813851787
I,Q,-0.6184195526128661
I,R,0.36831386679365147
I,S,-0.23176311260801674
I,T,-0.41289778003659794
I,V,-0.5892219256513324
I,W,0.0865551429696739
I,Y,0.5937568731450428
K,A,0.04182996278722909
K,C,0.7668001831953025
K,D,0.5110665807540334
K,E,-0.5919517020158072
K,F,-0.061649830085400086
K,G,0.3841037669755264
K,H,0.09269112117126191
K,I,0.09974913728730632
K,K,0.3250170920034741
K,L,0.24548496377580828
K,M,0.3626204805028824
K,N,-0.3326753758135088
K,P,-0.07656469476955872
K,Q,-0.3246900365573978
K,R,0.11395784975447959
K,S,-0.26922303500110556
K,T,-0.4611190423784692
K,V,0.4489549721345133
K,W,0.25127783142687254
K,Y,-0.42717512810236935
L,A,-0.10586394778384639
L,C,0.6124686087762176
L,D,1.0442561369992183
L,E,0.4962716710673337
L,F,0.07329834253948396
L,G,0.11714435465464079
L,H,1.354808911147946
L,I,-0.4162220330830708
L,K,0.3294769619018578
L,L,0.07323751955840631
L,M,0.08833138080837862
L,N,0.48886467942267076
L,P,-0.28064438064622205
L,Q,-0.4737259296019569
L,R,0.4094479776535062
L,S,0.3210364918256082
L,T,-0.3051624204832336
L,V,-0.20369995982889805
L,W,-0.09717216433655895
L,Y,-0.21542598812900118
M,A,0.13937455770636814
M,C,0.4329850895234197
M,D,0.5241947271775854
M,E,-0.05542919278246837
M,F,-0.22286156476565913
M,G,-0.19749698974325608
M,H,-0.5674450580434037
M,I,-0.314902511071477
M,K,0.005948658665378186
M,L,-0.1536798940186462
M,M,1.2630817830069168
M,N,0.7714956231461157
M,P,-0.022583460447681943
M,Q,0.6723437608923675
M,R,-0.1117053650814557
M,S,-0.002608069438964634
M,T,-0.03757657485145287
M,V,-0.11787993847094562
M,W,-0.3863158503595961
M,Y,0.3772389401204114
N,A,-0.010748172670991709
N,C,0.2948905030877094
N,D,0.27952886563015233
N,E,0.14967379485540774
N,F,-0.060469859418564025
N,G,-0.07275357181577591
N,H,-0.5160612300484988
N,I,0.15309199378126392
N,K,-0.0522907951619304
N,L,-0.14083157034489563
N,M,0.28864579602315743
N,N,-0.4065872150298774
N,P,0.29346362367693507
N,Q,-0.04759717986527474
N,R,0.1313599794982283
N,S,-0.11396396748806029
N,T,-0.11820494711187471
N,V,0.17374510540784666
N,W,0.3019597849037104
N,Y,-0.039569844223393644
P,A,-0.04998901791786914
P,C,0.06602041779174274
P,D,0.6650912524899834
P,E,0.0909254605555487
P,F,-0.0067488932479416
P,G,0.06299854109097151
P,H,0.19322215470462317
P,I,0.41156741453837187
P,K,-0.20949641974146088
P,L,0.15986218954705167
P,M,0.00729841677946879
P,N,0.09144941780144034
P,P,0.16488985275952903
P,Q,-0.45724306053750874
P,R,-0.2730571893792168
P,S,0.19427380999734692
P,T,0.1924085186588027
P,V,-0.03816160991862364
P,W,-0.38855552079231664
P,Y,0.05789944229777088
Q,A,-0.1407362312912061
Q,C,-0.25897438916004867
Q,D,0.1731116147330452
Q,E,0.2587230405963555
Q,F,0.08221718748697437
Q,G,-0.2160425513034982
Q,H,-0.3567234902144872
Q,I,-0.3074958449734215
Q,K,0.36073668093920563
Q,L,-0.272634852033274
Q,M,0.4378760828346449
Q,N,-0.0038338763162008133
Q,P,0.38523262143339077
Q,Q,0.18991694036101942
Q,R,0.25781716986748804
Q,S,0.018930397796856964
Q,T,0.46066471232945616
Q,V,-0.37214850888679657
Q,W,-0.12981670089106895
Q,Y,0.1565022022038877
R,A,0.10887422841440288
R,C,-0.7661805598802253
R,D,-0.9145686654183874
R,E,-0.32873764846117054
R,F,0.21118442984146993
R,G,0.14420112409127106
R,H,0.6148351652100006
R,I,0.3586767164051892
R,K,0.11176191929341482
R,L,-0.027775250340113685
R,M,-0.7634499483332176
R,N,0.26684910975923487
R,P,-0.08467621540251516
R,Q,0.22873265291039052
R,R,0.7078018654497299
R,S,0.25016511599376356
R,T,0.3150106116232972
R,V,0.2016328213967077
R,W,0.4477000070983284
R,Y,-0.14389983550334098
S,A,-0.04698869371908469
S,C,0.3454368193392852
S,D,-0.29958826457592586
S,E,0.20014731978736613
S,F,0.038343170804268585
S,G,-0.11100984614732558
S,H,0.7969460261066825
S,I,-0.004133992097989839
S,K,-0.15943693647409451
S,L,0.00520559229114952
S,M,0.2492995161833009
S,N,-0.15663723508622832
S,P,-0.17848788658373216
S,Q,0.04792210044723862
S,R,-0.2271435819822597
S,S,0.019590730270059104
S,T,0.11418330211390075
S,V,0.1961765073265983
S,W,0.3058520436890721
S,Y,-0.06832302987159429
T,A,0.2093000973309878
T,C,0.01543012791884352
T,D,-0.14064734351485922
T,E,-0.10023596590890205
T,F,0.0098852185166347
T,G,-0.09964943901167161
T,H,0.21213255866667924
T,I,0.06437048578738343
T,K,0.13064713647963622
T,L,0.13809548389099582
T,M,0.051573542850242744
T,N,0.12355234234040725
T,P,-0.11806036387697921
T,Q,-0.18258392955090855
T,R,-0.0801970793236937
T,S,-0.012544757189042114
T,T,-0.2179735187035261
T,V,0.011797926868698499
T,W,0.13373249753555744
T,Y,0.10700466186609799
V,A,-0.27169026657769774
V,C,0.14695544554052561
V,D,1.5476338508740348
V,E,0.8826602017344873
V,F,-0.24658361837114054
V,G,0.356419707124125
V,H,-0.8845540738356408
V,I,-0.1696539502342173
V,K,-0.30824867582860016
V,L,0.2814218816161281
V,M,-0.10814032164241946
V,N,0.0671925290256203
V,P,0.014635786455902562
V,Q,-0.09384301775257473
V,R,0.25985877729768403
V,S,0.3032403833393037
V,T,-0.07702702423764268
V,V,-0.2539479933551762
V,W,0.06632142255456278
V,Y,0.2742128229031143
W,A,-0.0632956560837726
W,C,-0.7154680519554374
W,D,-0.5050041249302523
W,E,-0.4133903159057799
W,F,0.10416591880638985
W,G,-0.29761877239861767
W,H,1.4507216946379884
W,I,-0.4575058920703206
W,K,0.4511105320961455
W,L,0.11712382859664747
W,M,0.3661292786345666
W,N,1.4461881837154047
W,P,-0.5942537504831773
W,Q,0.8731511807531802
W,R,0.11457638905864134
W,S,0.33930342528623136
W,T,-0.027630772674597043
W,V,-0.17488630663295687
W,W,0.3035826220996429
W,Y,0.1839540541387088
Y,A,0.05229108231365651
Y,C,0.2693701542616685
Y,D,-0.0908008527187524
Y,E,-0.06053297887859797
Y,F,0.061063222556075616
Y,G,0.18533112680841468
Y,H,-0.37201543014579663
Y,I,-0.2530407147650577
Y,K,0.036960239923328066
Y,L,-0.07410410296785819
Y,M,-0.2500410927599541
Y,N,0.15685140063330488
Y,P,-0.09957561637647706
Y,Q,0.36269442346610686
Y,R,0.1331695201294724
Y,S,0.07694706337951204
Y,T,0.11859429948735264
Y,V,-0.04947011780661032
Y,W,-0.23355639246868115
Y,Y,0.19104707172084423
