sim,purity,consistency,n_clusters
0.0,0.0,100.0,1
0.01,0.0,72.66666666666667,59
0.02,0.0,72.66666666666667,67
0.03,5.063291139240507,72.0,79
0.04,7.608695652173914,72.0,92
0.05,10.1010101010101,72.0,99
0.06,14.814814814814813,72.0,108
0.07,14.655172413793101,72.0,116
0.08,16.260162601626014,71.66666666666667,123
0.09,16.923076923076923,71.0,130
0.1,18.439716312056735,71.0,141
0.11,22.818791946308725,70.66666666666667,149
0.12,25.157232704402517,70.33333333333334,159
0.13,27.167630057803464,70.33333333333334,173
0.14,28.888888888888886,70.33333333333334,180
0.15,30.36649214659686,70.0,191
0.16,30.65326633165829,69.66666666666667,199
0.17,32.367149758454104,69.66666666666667,207
0.18,33.33333333333333,69.66666666666667,219
0.19,35.96491228070175,69.66666666666667,228
0.2,38.68312757201646,69.66666666666667,243
0.21,41.03585657370518,69.66666666666667,251
0.22,42.857142857142854,69.66666666666667,266
0.23,45.16129032258064,69.66666666666667,279
0.24,46.23287671232877,69.33333333333334,292
0.25,48.34437086092716,68.66666666666667,302
0.26,50.318471337579616,68.66666666666667,314
0.27,54.191616766467064,68.66666666666667,334
0.28,55.172413793103445,68.66666666666667,348
0.29,57.88043478260869,68.66666666666667,368
0.3,59.894459102902374,68.66666666666667,379
0.31,63.27543424317618,68.66666666666667,403
0.32,66.11374407582939,68.66666666666667,422
0.33,67.05069124423963,68.66666666666667,434
0.34,69.17960088691795,68.66666666666667,451
0.35000000000000003,70.25862068965517,68.66666666666667,464
0.36,72.42798353909465,68.66666666666667,486
0.37,74.80314960629921,68.0,508
0.38,76.04562737642586,68.0,526
0.39,78.54545454545455,67.66666666666666,550
0.4,79.61335676625659,67.66666666666666,569
0.41000000000000003,80.57432432432432,67.66666666666666,592
0.42,81.30081300813008,67.66666666666666,615
0.43,82.38993710691824,67.66666666666666,636
0.44,83.12883435582822,67.66666666666666,652
0.45,84.27299703264094,67.66666666666666,674
0.46,85.0,67.66666666666666,700
0.47000000000000003,85.49511854951184,67.66666666666666,717
0.48,85.86956521739131,67.66666666666666,736
0.49,86.76277850589777,67.66666666666666,763
0.5,87.75252525252525,67.0,792
0.51,88.63080684596576,66.66666666666666,818
0.52,89.19239904988123,66.33333333333333,842
0.53,90.12629161882893,66.0,871
0.54,90.54505005561735,65.66666666666666,899
0.55,91.0752688172043,65.66666666666666,930
0.56,91.36842105263158,65.33333333333333,950
0.5700000000000001,91.91402251791197,64.66666666666666,977
0.58,92.41379310344827,64.66666666666666,1015
0.59,92.95238095238095,64.66666666666666,1050
0.6,93.52451433857539,64.66666666666666,1081
0.61,93.87938793879388,64.66666666666666,1111
0.62,94.32314410480349,64.33333333333333,1145
0.63,94.73684210526315,63.66666666666667,1178
0.64,95.25,63.66666666666667,1200
0.65,95.63106796116504,63.0,1236
0.66,95.8267716535433,62.66666666666667,1270
0.67,95.93869731800766,62.66666666666667,1305
0.68,96.02102102102103,62.66666666666667,1332
0.6900000000000001,96.14545454545454,62.66666666666667,1375
0.7000000000000001,96.25970359915314,62.66666666666667,1417
0.71,96.40883977900553,62.66666666666667,1448
0.72,96.54471544715447,62.66666666666667,1476
0.73,96.71052631578947,62.33333333333333,1520
0.74,96.91516709511568,62.0,1556
0.75,97.0495919648462,62.0,1593
0.76,97.17444717444718,62.0,1628
0.77,97.23723723723724,62.0,1665
0.78,97.30363423212192,61.66666666666667,1706
0.79,97.5400457665904,61.66666666666667,1748
0.8,97.70565193060996,61.66666666666667,1787
0.81,97.81061850027368,60.66666666666667,1827
0.8200000000000001,97.91443850267379,60.333333333333336,1870
0.8300000000000001,98.07191245440333,59.66666666666667,1919
0.84,98.22874493927125,59.333333333333336,1976
0.85,98.37837837837839,59.0,2035
0.86,98.46449136276392,58.666666666666664,2084
0.87,98.64359214218896,58.333333333333336,2138
0.88,98.82299683114532,57.666666666666664,2209
0.89,98.95150720838795,56.666666666666664,2289
0.9,99.02044293015332,56.666666666666664,2348
0.91,99.0909090909091,56.666666666666664,2420
0.92,99.24181963288109,56.333333333333336,2506
0.93,99.3453985367732,56.333333333333336,2597
0.9400000000000001,99.44710652414301,55.333333333333336,2713
0.9500000000000001,99.47442186405046,54.666666666666664,2854
0.96,99.50706539599081,53.0,3043
0.97,99.61066187481282,52.33333333333333,3339
0.98,99.70937912813739,49.333333333333336,3785
0.99,99.85752086301649,40.666666666666664,4913
