"epitope","uniprot_id"
"KLADAKIFL","Q9UHQ1"
"MAAMPQTVY","Q8WU79"
"KYQAVTATL","Q6NVV1"
"LPWQIVQI","Q07864"
"FLVQEVVEL","Q9BXI6"
"FPAGKVPAF","P26641"
"SAVPVFMFY","Q13491"
"YIDRVRSL","P02545"
"FLLDKKIGV","P78371"
"FVDGLTFKV","Q9HCE1"
"KYQHTGAVL","O43684"
"FPWPSLRTY","Q9UKV5"
"NSVGSVHSY","Q9UPW0"
"TTIEFVTQR","Q13002"
"AFDASRTSF","Q9Y6R0"
"MPSEKVSSY","Q8N141"
"VFHAGTAL","P22102"
"FPNIPGKSL","O15121"
"YYFVFDHAL","O75845"
"LPLAHVLEL","O60488"
"FLLDGKVLSL","Q8N1F8"
"FLKDLVASV","Q14919"
"LLDRFLATV","Q14094"
"AVFPKPFVEK","Q6PFW1"
"TPPDSSLVTY","Q13561"
"SLFEKGLKNV","Q9UKA1"
"TMVDRIEEV","P29375"
"FPETTSPHEY","A2RRP1"
"RLFDQAFGL","P04792"
"FFVENVSEL","Q6KC79"
"FPDKPITQY","P39656"
"KILEDVVGV","Q9ULW0"
"AMIDQVLEL","Q8WVB3"
"MFQKTAASF","Q15003"
"LFMPSTSSM","Q92545"
"VPPSVQRSI","Q14511"
"RYQFIEEAF","O15164"
"YPSIHITAY","Q4J6C6"
"ILMHHPPQV","Q7Z5Y7"
"SLITDLQTI","Q4AC94"
"SAIKENFQF","Q460N5"
"FPSEYVPTVF","P60953"
"FMLSISPRL","Q03519"
"KFYSVNVDY","O00483"
"FVDPAQITM","P23921"
"NAVKDFTSF","Q6N021"
"HLVAVFNEY","P50995"
"YFFDNDSKSF","P54289"
"LPDLSGPHSY","Q86XL3"
"YLDPAQRGV","Q96S19"
"KLFDRPQEL","Q5VZ89"
"LLLEILHEI","Q96HE7"
"YLIPLPAAEL","Q86SQ4"
"KVANIIAEV","P52306"
"QFPGFPAAAY","Q96DH6"
"VPTPIQPTF","A6NF01"
"VLQAIDSIHQV","Q14689"
"YLDGHLITTV","O95544"
"DFDVAVVTF","Q460N5"
"LPALLQQL","P54725"
"IAFLSPKV","O15258"
"FFLLGKTL","O43462"
"ALLPSSPTL","Q92994"
"CYYRFGQVY","P46977"
"APFSKVITF","O95757"
"FPNIPGKSL","O15121"
"VFNEATSSF","O14981"
"FIFSDTHEL","Q9UKK3"
"FLSEHPNVTL","Q9UH17"
"LPFEEKVEV","O95425"
"FPNIPGKSL","O15121"
"LMYDAVHVV","Q13002"
"VSLDYAISK","Q6NUN9"
"LPFLVQRTV","P37023"
"KYDQLKVYL","Q9H3S7"
"KLADKLYNL","Q8N4P3"
"LYPSIIQEF","P09884"
"GLMGAGIAQV","Q16836"
"YFVVSREY","Q02742"
"FLLPHPGLKV","Q8NHH9"
"FLAEHPNVTL","Q8IUX4"
"FLLSEPVAL","Q9Y653"
"ALAQRLLEV","Q6ZMZ3"
"FLDNGPKTI","P78344"
"SLLDPLWTL","Q9H3S7"
"SLHLHVPSV","Q9UHV7"
"ALAEEVEQV","Q9BQE5"
"LLADLLHNV","O76075"
"QIFVKTLTGK","P0CG47"
"LYGPSSVSF","P50454"
"SLDDHVVAV","A2RRH5"
"FIADLVVGL","P06733"
"KVFAGIPTV","P23471"
"RVINSIPLAK","Q86XR8"
"SPSHYALLQY","Q8N766"
"ATSPPFQLTK","O15054"
"RIQLPVVSK","P46013"
"YLTDRVMTV","O15379"
"FIFSDTHEL","Q9UKK3"
"LPMPFTPTL","Q6UXX5"
"FFEPWVYSF","P78527"
"NAIEDASFLY","Q6P158"
"TFDDVAVHF","Q9ULD5"
"FLSDAEIIQL","P04035"
"RYIYNQEEY","P13762"
"LFEARIISL","Q15149"
"HPLTPLITY","Q9UJU2"
"KVFEPKLNY","Q96CW1"
"RLYDPASGTISL","Q9NRK6"
"LPYPAPEGIAV","Q6W2J9"
"FFEVSPVSF","Q8N543"
"VPFPKNFMSV","Q7L9L4"
"SAYEALEKY","Q15785"
"YLPDFLDYF","Q6PCB5"
"ATFPDTLTY","P23229"
"FVDGLTFKV","Q9HCE1"
"VPFPLTLRF","Q9P0I2"
"VPYRVVGL","Q6ZN04"
"LYDPVISKL","Q96EZ8"
"SLLDKIIGA","Q6NZI2"
"SLASCIITA","Q6UW02"
"EPAKTLIEF","Q9UHC1"
"KPRAYTITI","Q6UXX5"
"QFFPEAISF","Q16828"
"LPLPHFDTI","Q9ULW0"
"IPFDPKFITY","Q8N7H5"
"QPNGGASVIHAY","Q6PCB5"
"KIGDFGLATV","P04049"
"SLADSLYNL","Q08AD1"
"NALGVILQV","Q15477"
"FPDKPITQY","P39656"
"FLDDVVHSL","Q15652"
"DSYTPKVI","Q96BY9"
"LPANSVTKV","Q969N2"
"QFDVATHL","Q9Y3A2"
"EPFIFHEV","Q68DI1"
"SYIKSSSSL","Q69YH5"
"IPNEIIHAL","P52272"
"ALHDLLQHV","Q9Y4G6"
"YYDGKVMKL","P11387"
"FYLPHGLSI","P19021"
"AYGRMGLAL","Q96EQ0"
"KLDEAVAEA","P23526"
"TPSEPHPVL","Q9Y5A9"
"SLSNFIESV","Q8IXT5"
"MTHNLLLNY","Q92769"
"LPIDPNEPTY","Q9UK53"
"VPRQNVPVI","Q12929"
"FLSDAEIIQL","P04035"
"IYDKFIAQL","Q6P1K2"
"GLAFSLNGV","Q8TCT9"
"KYFSGPAITL","O95155"
"ATFPGMWER","Q6YP21"
"NAFLSKSSV","Q63HN8"
"SVMSTVEWNK","Q7L1Q6"
"KLAEGVLDV","Q5THK1"
"VFSESASQL","Q5SVZ6"
"KLMQQQQEV","O15164"
"SLSQELVGV","Q5VUA4"
"SAAAPHTVSY","O75907"
"GSDLPIIEK","Q9Y2H2"
"HAVDVDSGSVY","O95819"
"YYLGKILEM","Q96G01"
"IVSSLRLAY","Q9NP61"
"KIDDKPVKI","Q15005"
"LPIGIPYSI","O15121"
"FPITAIREI","Q14004"
"YLFERIKEL","Q96SK2"
"AYYAGHVL","Q5TA45"
"NFIDSTNTV","Q969N2"
"AFDEAIAEL","P31946"
"ATTQTIMQK","O43543"
"STFQQMWISK","P60709"
"RLGDKILQV","Q15717"
"LPYKGGNTL","Q05707"
"AVYLLPVPK","P42694"
"HAVDVDSGNSY","Q8N4C8"
"FPATPLLDY","P53396"
"KLLDPQEFTL","P24821"
"NVYENIVNY","Q16363"
"YLFEEIAKI","Q96N21"
"VPVPQLKSF","P62081"
"NAYHELAQVY","Q9UNS2"
"YYRDARSY","P28070"
"MPSILQNETY","O43150"
"VFAEKITSL","Q01850"
"TFSYGRAL","P04075"
"YPFKPPKVAF","P61077"
"YFHDDGFLAF","P98160"
"KLTGVLCEV","Q9NVC3"
"ATIQNETPK","Q5HYJ3"
"YFIRDVKSL","P20585"
"SVPEFPLSPPK","P16949"
"LLDGKVVNV","Q9UDR5"
"GVSKPIGVSK","Q96KM6"
"LPLPSPALEY","Q8IU81"
"SLADVHIEV","O14981"
"KLDETGVAL","Q02880"
"RPVPFASEM","Q16828"
"LPFVGKESI","Q9UKN8"
"RLAELELEL","Q9Y2E4"
"VPVDVVVNM","Q8WVX9"
"FLSDGTIISV","Q969X6"
"RYPPHSLSY","Q9Y618"
"ATYDTTLVEK","Q93096"
"EADKTIKVY","O43660"
"TAVESFLTI","Q8NBX0"
"LPPNLYPTV","Q96S59"
"VYFAEKVTSL","P52943"
"NYQVQFVTL","Q9UKN8"
"YFRDNPSEL","Q9GZN1"
"QYSTGKTTF","Q9H223"
"HYDHVLIEL","Q14566"
"TLYEHNNEL","Q9NRG9"
"SLLPHPIIV","O95759"
"MPFPAHLTY","Q86YS7"
"MPRFTEQV","P35221"
"IPNEIIHAL","P52272"
"KLTDYQVTL","Q9H1H9"
"SVITQVLNK","O75475"
"FFEVSPVSF","Q8N543"
"HPYIYRVTF","Q7Z7A4"
"EAWPALQI","Q969E8"
"ATAGFTIGR","Q93074"
"DAVVSFAHV","P43246"
"NLISQLTTV","Q9Y2G0"
"FADNRIKTL","Q9BYP7"
"NAFPCQVNI","Q9NQW6"
"IYDKFIAQL","Q6P1K2"
"SLFNKLVEL","Q93073"
"DSFVFRKV","O95573"
"LYLHSVRAY","Q6NUT3"
"VFAEKITSL","Q01850"
"KLDSPRVTV","Q96G04"
"VPASLPVEF","P21333"
"DAYLVHLI","Q9Y6V7"
"RLFHDSAVTSV","Q3SXM0"
"SYHSYVIGF","O95573"
"TFDVHLDL","O15269"
"ALTDFVRSV","O60888"
"YFFDNDSKSF","P54289"
"VPFPLTLRF","Q9P0I2"
"AVFPSIVGR","P60709"
"VFKNGNAF","Q7Z3K3"
"VFNEATSSF","O14981"
"TFASRVSSL","Q9Y6W5"
"FPDKVAIQL","P11216"
"NPISTVTEL","P50991"
"SPSPISSPTF","Q6PGQ7"
"KIFSGVFVKV","Q6DKI1"
"KYQDVYVEL","Q9H2D6"
"RLSPEVQSV","Q5T5U3"
"YAYEKPHVV","Q15751"
"GLDRLNVTV","P19367"
"LLWDYVYQL","P41212"
"VFHAVHEF","Q8TEU7"
"FFPMHFQAF","Q8IZ52"
"VYDPLFSQL","Q9UH36"
"KLADIQIEQL","O60925"
"MFQKTAASF","Q15003"
"FLYDKALTF","Q6P158"
"SIIDWLNSV","Q9NVW2"
"NLIIFSPSV","P39656"
"HADGTIVRY","Q9UG01"
"LLSPVVPQI","Q8N1F7"
"HAADVFEAY","Q5T4S7"
"IPYTGPFNLL","Q9UKF6"
"NLDPAVHEV","Q9HCN4"
"FPSEYVPTVF","P60953"
"KLAEALPSL","P33076"
"SFFDNISSEL","Q9BX40"
"IYFEYSHAF","P20585"
"FLVDGPRVQL","Q9BR11"
"IAFPTSISV","Q9UQ80"
"LPKSIYSQI","Q9NV06"
"GYPNFVATY","Q96DH6"
"TYNILTHDY","Q14527"
"KLGEIVTTI","P61204"
"VPFNIPLEF","A6NHR9"
"TLLERAFSL","Q7Z4L5"
"LFPDTPLAL","Q12906"
"AYPYYASAF","P39656"
"ITQYPHAVGK","P39656"
"VLDASVKEV","Q5T5Y3"
"YFSDGSSNTF","Q9Y2F9"
"YIMSYISRV","Q12965"
"SLFPEPLSI","Q14D04"
"IPDQVIRVF","Q8TEU7"
"IYHNGVLEF","Q9UKN5"
"AVYVPFWQK","Q15361"
"FLLGEKVTEV","Q9HCD6"
"LPDERTISL","Q05048"
"IVMITNLVEK","P23470"
"FPDKVAIQL","P11216"
"FFDPAIRVL","P43251"
"LPLAHVLEL","O60488"
"YFQYVGTDF","Q8N0Z8"
"LPPPGLTI","O75030"
"VLFEKEVNEV","Q9BZQ8"
"LFPDVVNCM","P63010"
"VYIDKVRSL","P20700"
"KVWGNVVTV","O43390"
"ATTLPIRNK","O75179"
"KYVNGSTY","Q6P2Q9"
"FLLSSQVGL","Q93063"
"LLQKFVPEI","Q2KHR3"
"KYQHTGAVL","O43684"
"KLLGSMEQV","Q96HW7"
"SLDSTLHAV","Q9C099"
"DGRIFGESI","Q8NFH5"
"NAFKEITTM","Q00403"
"FPITALREI","P50750"
"IPIGGGTSVSY","O00116"
"KLFGMIITI","P61619"
"LFMPSTSSM","Q92545"
"TAAPTGTTI","P52948"
"ALANQIPTV","P43246"
"RFPDFVRDF","Q9BXR0"
"SYADNILSF","Q9BZH6"
"SALLIRDTI","Q14993"
"AYTAYRTAL","Q6UWF9"
"FLNKEITSV","Q9UI10"
"YPFQIHSI","O95674"
"GQISVVISK","Q96PD2"
"QYRGMGLSM","P28062"
"YFYDPDVGNF","O15379"
"GVSKPIGISK","Q96KM6"
"LPAPPARTL","Q9P1Z3"
"TYHASGAEL","Q12772"
"MAPPPPRSV","Q75N03"
"YFQQANEL","P28331"
"KMQETLVGL","Q9Y6D9"
"TVFREVVSF","Q8NFI3"
"SLADVIIHEI","Q9H4A4"
"VPPTALRV","O43281"
"FLWAGGRASY","Q00839"
"FPASFPNRQY","Q8TCT9"
"SLAEFVQSL","Q93009"
"YFYPYGLQTF","Q9UH99"
"YVTTSTRTY","P08670"
"FFEPWVYSF","P78527"
"YLNDFTHEI","Q9H5V7"
"YLFERIKEL","Q96SK2"
"FLADNHHQV","Q13315"
"LLFSFAQAV","P37837"
"IQWSIVPEV","Q6IC98"
"RYQDAIRVF","Q9Y262"
"FFNYTVRTL","O60568"
"RVIGTLEEV","P46060"
"GLIEWLENTV","P78527"
"IAIDVIDAY","Q9UBB4"
"ALMPVLNQV","Q5RKV6"
"ALAGAVTHTV","P51788"
"ALYTVIETV","Q6NUK4"
"SLFRVITEV","Q93063"
"SLAQYLINV","Q15366"
"YPASIVHQV","Q9H2X6"
"LPDIGGRNI","Q5DX21"
"LPHSAVPEY","Q3KRB8"
"IYVISAETF","P24539"
"YFSDPFLKY","Q15165"
"SIIGRLLEV","P62136"
"NLIPYSPDV","Q8N766"
"MPYSHPSSY","Q6KC79"
"FLAPLVTEY","Q96NL6"
"KLLDFGSLSNL","P08708"
"SLHSLLVDV","P22736"
"NVVAHLINY","P16157"
"IPVEFKLVI","Q9HD20"
"FYYDGKVMKL","P11387"
"TTSNFTFSK","O60318"
"RLIEESVTV","Q12769"
"VLLEQPTWQL","Q9BV87"
"MWDPAAQAF","P26358"
"FPAVVKNV","Q13367"
"IVADHVASY","P01906"
"SLLDPLWTL","Q9H3S7"
"LLFDRPMHV","P52272"
"KFIDTTSKF","Q92901"
"FLNGEVIRL","Q99714"
"SLINVGLISV","Q92688"
"MAYGFRNI","Q9H6Q4"
"RFPEELTQTF","P26641"
"LLYPTEITV","P26006"
"YLAELVTPIL","Q04637"
"AYQSGRLSY","Q7Z5J4"
"RLTPKLMEV","O15372"
"YFSERGDAV","Q06323"
"FYLSKMISM","P04035"
"LMVDHVTEV","Q9HD15"
"IYHNGVLEF","Q9UKN5"
"TPTLPSITY","Q96T58"
"YLDEDTIYHL","P31153"
"SYADNILSF","Q9BZH6"
"GVMSPPLSR","Q12772"
"YPAEITLTW","P01889"
"FYNLLTRTF","Q969N2"
"ALGDRIFGL","O75578"
"RLAEVVHEL","Q9Y222"
"SALLQHQTV","Q6U7Q0"
"LFPDVVNCM","P63010"
"MPFFAKTV","Q92541"
"YLDGHLITTV","O95544"
"RLFDEPQLASL","Q9BX70"
"SYMDPMNEY","Q9BRK5"
"FLMDFIHQV","Q8WUM0"
"VPILISEI","Q9HD26"
"GTTAVFINK","Q9NR48"
"YYQIRSSQL","Q9UPT5"
"SLIDPNILSL","Q12756"
"QYSTGKTSF","Q9NZN4"
"LPHHRVIEV","P69849"
"HPNLVVGGTY","Q13409"
"VLIDEVESL","Q15645"
"YLDQGTQIFL","Q9H1A3"
"SPLERYYDY","P08582"
"RIMGNIWDA","O75694"
"KIYEGQVEV","P46777"
"AYSSPARSL","O43301"
"LPDGQVITI","P60709"
"KMDEVLYSI","P83876"
"KFMTQSAF","Q9C0D5"
"YMIAHITGL","P04818"
"FVDPAQITM","P23921"
"GLFAPVHKV","P30622"
"FPNAIEHTL","P22314"
"KMVDGVGVCTV","Q5T4S7"
"SYPTGNHTY","P49023"
"MPFPAHLTY","Q86YS7"
"IWQHVVQEL","P33076"
"RLHDVLMEL","P46939"
"TFQSTKAVY","Q9HCS7"
"YPHAVGKNTL","P39656"
"VPNKVIQCF","Q00610"
"EAFGVGVEF","Q15008"
"SIAEVVHQL","O14976"
"DAAMKAMTI","P55265"
"SFQGMVTSF","Q9NYA4"
"DAYAVKEAI","Q9UPU5"
"FFDPNTHENL","P58107"
"RLLEVVTSI","Q9BRR6"
"ALNNLLHSL","Q96Q15"
"GLDSGFHSV","O75427"
"FLAEDPKVTL","Q9HC16"
"VYIDRVRSL","P02545"
"KFYDGVVQTV","Q9BVI0"
"APATSILEY","Q96PU8"
"KLYGKPIRV","Q15427"
"KSIIPTVGK","P28749"
"VYKVPSASM","O75161"
"LYGPSSVSF","P50454"
"FPVTSIFHTF","Q9UIX4"
"TLMDMRLSQV","O94906"
"IPTDVLKIVY","Q6P179"
"MPYSHPSSY","Q6KC79"
"VPHGGFANI","Q8IYU2"
"FPFVSKTL","P31327"
"TLLDWQDSL","O14497"
"VILPTVHEV","Q8IWF6"
"VLMKDVQEI","Q9BRT6"
"SVAGKIHTV","Q9Y6Q2"
"ATLNIIHSV","Q9P1Q0"
"LPNIPVQTI","P02786"
"DAFKIATL","Q9HCJ5"
"VFPDDMPTL","Q03164"
"VYDPLFSQL","Q9UH36"
"IPPTTTQI","Q13332"
"LLAPRPVAV","P49918"
"NFFTKATPL","P12004"
"VFDTADYTF","Q99572"
"YLFSEALNAA","P50851"
"KIVDFSYSV","O60566"
"SVMGNIIHV","Q9UPS6"
"DADGHFHLI","O95394"
"AVIPCFPYAR","P60891"
"YLVSNVIEL","P17980"
"ALPPVLTTV","Q6PKG0"
"YVDDFGVSV","Q93063"
"FLLPVINEM","Q96HT8"
"AVLAWKFPR","Q92185"
"SAVPVFMFY","Q13491"
"SYTVGVMMM","P50454"
"VYFAERVTSL","P50238"
"GLYSGVTTV","P23921"
"DAYSIQGQHTI","Q15365"
"VYFSAAHAL","Q9UBD5"
"DALRAIQCV","O95628"
"VLSNVEVTL","Q14204"
"SLFAVFPSL","P15036"
"VYDLSIRGF","Q15631"
"VFYDANDVGF","Q8NCR0"
"AYARMGHAL","O75525"
"FFKDGLEM","P13693"
"FLSSVIQNL","Q99460"
"YPKKLVQTY","Q9NRH3"
"ATFPDTLTY","P23229"
"KYQAVTATL","Q6NVV1"
"FIADLVVGL","P06733"
"ATAGIIGVNR","Q00610"
"FPYRLVGL","Q6IC98"
"FLIPIYHQV","Q13085"
"SPFYPGKTTY","P49790"
"RLLSTSPAL","Q9UBB6"
"FFSPKVVSL","P46940"
"FLAEHPNVTL","Q8IUX4"
"SVFSWQQEK","P49454"
"VYPPGFMGL","Q9BUR5"
"MAIKVLEI","Q03001"
"ALLHADFRV","Q9NXH9"
"LPRIFTSI","P35232"
"QYQSLLRSL","Q03001"
"RPIFGLTSNY","Q96ST2"
"VYPEYVIQY","Q9H0J9"
"LPFEEKVEV","O95425"
"VLLEPFVHQV","Q9UHH9"
"FPVTSIFHTF","Q9UIX4"
"IPRNQLQSV","Q5T4S7"
"ILLEAGAFVNV","Q99549"
"YYHYIFTTL","Q13002"
"DALRSILTI","P56192"
"SFDSALQSV","P49792"
"YFRDNPSEL","Q9GZN1"
"KVAVVLIQK","Q7Z392"
"KLDESIYDV","Q13033"
"GTLNPGLTK","Q92585"
"SPFGIGTSHTY","Q9HBZ2"
"YFQQPAPEY","Q9Y4K0"
"LPASIPHVI","Q9H981"
"DAFKSGIVQY","Q9NZ08"
"IPYSEPMPLSF","Q8N3C0"
"SLYGGTITI","Q5VTR2"
"GVFDGLHTV","P43251"
"KLMDLDVEQL","P12004"
"RFPEELTQTF","P26641"
"HSVLIHEYY","O00303"
"KLNATNIEL","P28066"
"VFDVSHNAV","O95486"
"AYPYYASAF","P39656"
"YFHDRVASF","Q9NXC5"
"YFQPSFESL","Q9NQY0"
"KVIDPVTGK","Q9Y2R5"
"YFQHREFSF","P49642"
"HLAELIAEL","Q96F44"
"FLLPDTDGLTAL","P23471"
"LPVTPILEGF","Q13200"
"YYITTRAQF","P06241"
"ATSKVALVY","P06576"
"GFQRGAASF","Q96BY7"
"FAIGGSGSTFIY","P28065"
"KLDPYVQRL","Q14204"
"VLWSDSSITSV","Q8WYQ9"
"VLAFLVHEL","Q9UIF9"
"DPHQQIYTF","Q8NFZ0"
"VALLVGEKV","Q9NZ63"
"TAYVGSAVM","Q96CS7"
"YFHDDGFLAF","P98160"
"YLDEQIKKV","Q9H1H9"
"TLAETLVNL","Q8NB46"
"FFLRMKCTL","Q16665"
"TLSSLVFQL","P42345"
"ILDISEHTL","Q9UBU7"
"FLQEGDLISA","Q13868"
"LPVPVIPSF","Q7Z7G8"
"SFDTGFTSF","O75190"
"YFFGEGYTY","Q6P6C2"
"WYQRVYQSL","P14854"
"TLAEHIIEA","Q9Y6Y1"
"KLADKLYNL","Q8N4P3"
"GLLNNIAEV","Q9C0D3"
"YAYEKPHVV","Q15751"
"ALGSSWIISV","Q05397"
"RYPEGYRTL","Q9HAU0"
"SLQSTILGV","Q86WA8"
"FLPQKIIYL","Q9UL46"
"RIIEPLTSR","P35249"
"YLPELLQTV","O14682"
"LPSDLRTI","Q9C0A6"
"TFPQFIKAY","Q6ZP29"
"IVIRAKVVGK","P35625"
"LLLEEGGLVQV","Q92890"
"MLIGEIFEL","Q7Z3C6"
"MAFLDSQTATF","O95163"
"TLSDIMVSL","Q9NXF1"
"GLAKLIADV","P39748"
"IPHSFALISY","Q9NVH1"
"KVLETLVTV","Q86XA9"
"EVIFSLETY","P08243"
"HPVSALMEI","P18583"
"WFDGKLVTV","Q9Y2U8"
"SVLEAEGVFEK","Q6YHK3"
"FFQQTTTSF","Q8WXH0"
"LPALLQQI","P54727"
"VPFNIPLEF","A6NHR9"
"LPAPPARAL","Q9H9P5"
"FIQEIEHAL","Q96A65"
"KFIDTTSKF","Q92901"
"LPVVPKATY","Q9H3Q1"
"FIDDANYSV","O14977"
"FLLQDTVEL","P78344"
"FLIPIYHQV","Q13085"
"KLAKLQAQV","Q96K17"
"CLDKSVIEL","Q9H9E3"
"ALLDRIVSV","Q92621"
"FPANVMDVI","P17844"
"HYFAPRGL","Q6UXX5"
"GVIVHIIEK","P49720"
"ALAAALAHI","Q9BQ39"
"LPVPVLETY","Q9Y6W5"
"HPDEKSIITY","Q01082"
"LPLAHVLEL","O60488"
"HIIENIVAV","O76021"
"FYNLLTRTF","Q969N2"
"HPYEVAEVI","O60888"
"IFQTGLVAY","O43390"
"RIFAPNHVVAK","Q02543"
"ILQEYVEHQV","P08243"
"STSPVSPISR","Q9Y6X0"
"FLWAGGRASY","Q00839"
"ALLALLPEL","Q9P2E9"
"ALAEALKEV","Q6PI26"
"HYDHVLIEL","Q14566"
"NPYEPIRKV","Q15646"
"TLYDIAHTPGV","P40926"
"HASDRIIAL","P29401"
"KLGDFGLLVEL","Q99640"
"AYEFMSQAF","Q96QK1"
"WGYPNLKSV","P18124"
"VIDGHPVSF","Q16363"
"FPAIGTGNLGF","Q460N5"
"RLLDYVVNI","Q63ZY3"
"VSMDYAISK","Q9ULD5"
"MPYSVIRGEAF","P01023"
"YPLQGPGLLSV","O75694"
"SLDSTLHAV","Q9C099"
"RYQVSWSL","P51571"
"VPWKGIQNI","Q9UPQ9"
"VLAFENPQV","Q8IUR7"
"MLDEPTNHL","Q8NE71"
"GTVRIGVAK","O75970"
"HLYDIHVTV","A8MXV4"
"LPETSKYEY","O94972"
"DAILARTV","P55268"
"SLLPFLKAV","O75533"
"GLLGNVVNI","Q92611"
"KLIPQLPTL","Q9HB90"
"YFYDPDVGNF","O15379"
"GYPLYHSVY","Q9HBA9"
"KLVKEVIAV","P38117"
"VFDPIGHF","O60885"
"YAYEKPHVV","Q15751"
"FPILIRQV","Q8WTW3"
"YLFERIKEL","Q96SK2"
"RSMEAHNILSK","Q9NP77"
"VFYDANDVGF","Q8NCR0"
"VYDLSIRGF","Q15631"
"FMIDASVHPTL","P86790"
"GIWGFIKGV","Q96M27"
"KLISSYYNV","Q96SK2"
"LFEARIISL","Q15149"
"RFQDLIREL","P42694"
"IIDDTIFNL","O15118"
"SYQEMIANL","P19623"
"SVITQVFHV","Q00341"
"SLLQALNEV","Q14204"
"IPGPPPRSV","Q659C4"
"EVSKIVQTY","P12814"
"FVFETPFTL","Q96BY6"
"KYQDVYVEL","Q9H2D6"
"FYQPKIQQF","Q9NVI1"
"AVSAVVHEY","P35610"
"ATTHEIMGPK","Q13492"
"TYNDKALAL","Q99715"
"LPDIGGRNI","Q5DX21"
"KLTDYQVTL","Q9H1H9"
"IPPLATHTI","P15529"
"SVFFPESGLAK","O75665"
"ALLGRVYDV","Q8WUJ1"
"VYIKHPVSL","P48556"
"FLLDGKVLSL","Q8N1F8"
"FIDKFTPPVV","P01903"
"AFDLDVVKL","Q15459"
"YLQEIQTQL","Q9BQF6"
"YQPYEIPAV","Q96GV9"
"RYPPHSLSY","Q9Y618"
"SAYGGDQNY","O14979"
"KLLGELHTL","Q15154"
"RSFFVPQPK","Q5FWF4"
"ALLKYIETL","Q08211"
"VLFENTDSV","P42696"
"FYITPSTSL","P49750"
"YYLGKILEM","Q96G01"
"SFQDFVSHF","B2RTY4"
"RVMEYINRL","Q00610"
"STQKQVLNY","Q9H9Y6"
"KLNDLIQRL","P53621"
"LLLDVTPLSL","P54652"
"LPARLTQV","Q76N32"
"FPDKVAIQL","P11216"
"ATLLIFANK","P36404"
"GLVGSLQEV","Q9H1A4"
"FYSVNVDY","O00483"
"FYAFGRVF","P13639"
"KLDETGVAL","Q02880"
"VLIETLVTL","P23526"
"LPAPPARTL","Q9P1Z3"
"RPAQAFPVSY","P07949"
"YLMEVTHDL","Q9P2J5"
"LLYGKYVSV","Q9H0R3"
"SLFKDQMEL","O15397"
"IPVHDSVGVTY","P23471"
"LYYRDARSY","P28070"
"TLLDSTWNL","O95302"
"RYQFLEEAF","Q9UPN9"
"GLAKRVWSL","Q9BUH6"
"FYITSRTQF","P12931"
"RLHDVLMEL","P46939"
"HFPGLASEL","Q8TCY9"
"FLADIVQKL","Q9NZJ4"
"VTFNKSIAK","Q8NFZ0"
"GLIDGVVEA","P14866"
"SMAPIMTTV","Q9HBG4"
"TAAPVVPEL","O75116"
"STSMTFLNR","Q96RW7"
"NFDTIDQQF","Q8WYP5"
"FAIPFAITI","P29275"
"LPWKPVFI","Q5JRA6"
"VYFAEKVSSL","P52943"
"KLMNVDPDSV","O75293"
"YMINFIHKL","Q15561"
"SLMSWSAIL","P09912"
"TAYVGSAVM","Q96CS7"
"YPASIVHQV","Q9H2X6"
"EAWFSPVHTY","Q13884"
"KLSEIPLTL","Q9UIG0"
"TLSERLWGL","Q9NS69"
"VFLPRVTEL","P78527"
"FYQRFPLSF","Q92611"
"QYPGRSLVF","Q9GZR7"
"RFLDKALEL","Q9Y617"
"KLHDVELHQV","O14775"
"KFNPCGKVF","Q6V9R5"
"SLLGRSLEL","Q9NRL3"
"RYDPQTNEW","Q9Y2M5"
"ATHTAFVAK","P42166"
"YPAEITLTW","P01889"
"RVIGDLDTV","Q96AX9"
"ILIDWLVQV","P14635"
"RTLSDYNIQK","P0CG47"
"FPNAIEHTL","P22314"
"VFTIQSIVM","O14617"
"DPMGKEGDFVY","O94885"
"FFEPWVYSF","P78527"
"FVFETPFTL","Q96BY6"
"KLLEVQILEV","Q8IWJ2"
"ALYNWLIQV","O75694"
"SFDTGFTSF","O75190"
"FVDPNGKISL","Q92538"
"VLNEYFHNV","P53680"
"SFMSGADSF","O14777"
"LYYNTITNF","Q14527"
"YLFDRNGVCL","Q9Y5R8"
"SLNTGIITV","O14672"
"YFGSNMREF","Q9BW27"
"YLDRYLSCV","P30281"
"KLSDLQTQL","P19387"
"SWIDDTSAF","O95453"
"VPPLATNTV","Q9H0E3"
"IPKGTEITI","Q8IZD2"
"FLFNKVVNL","P62699"
"MPYSHPSSY","Q6KC79"
"SILPAIFQK","Q5BJD5"
"VYPPGFMGL","Q9BUR5"
"SYNTVAQEL","P18583"
"AVISPPTVPK","Q9H9Y6"
"TPYGRPANI","Q7Z401"
"KVADGLVKV","O75935"
"QLQEETFRL","Q86VS8"
"KLNDLIQRL","P53621"
"IYSFHTLSF","Q5UIP0"
"LLAPRPVAV","P49918"
"YLDRVRSL","P05783"
"MPFKCMQL","P50914"
"ALIEKLVEL","Q14181"
"SLLDRFLATV","Q14094"
"FPQTALVSF","Q8N766"
"SIIPPLFTV","P51571"
"FLEEGGVVTV","O60671"
"KLLEPVPVSV","Q86W34"
"SLFEGKALGL","Q9H981"
"LPFIHHEL","Q9UJX0"
"RIMNLTVML","Q96RS6"
"HPYIYRVTF","Q7Z7A4"
"RTYVGSMPGR","Q86WA8"
"VVMTPVPLFSK","O14976"
"LPNWLINSY","Q12769"
"SLAEGSVTSV","P13010"
"DTFRIPLI","Q99519"
"SFQGMVTSF","Q9NYA4"
"ALLGKIEKV","Q10471"
"LPMPFTPTL","Q6UXX5"
"FFDDVGAVTL","Q6P3W7"
"VYKVGIAF","P42694"
"FFQQTTTSF","Q8WXH0"
"TAMPKLLSY","Q16533"
"VFVEATHVL","Q9UJX2"
"HPVSALMEI","P18583"
"FLVDGPRVQL","Q9BR11"
"VYSWGSNTF","Q96Q42"
"FIFSDTHEL","Q9UKK3"
"ALTGYLHTI","Q9NYY8"
"YYLPKLLSY","Q6YHU6"
"KLFPDTPLAL","Q12906"
"SLPKGVVEV","P50454"
"ATLKGLVQK","Q8N129"
"IFQIGVLGF","P35610"
"VLIDDLTTL","Q9Y2Z2"
"FLLPVINEM","Q96HT8"
"SWIDDTSAF","O95453"
"LYPSIIQEF","P09884"
"SLLEHFNTV","Q9UHF7"
"KFPVFNMSY","P53621"
"FYDERIVVV","Q9P265"
"IFPLIYSEM","Q14534"
"KLDADMPEV","Q09666"
"SLDPKTNTL","Q13685"
"LPISPTFVGY","Q9UGH3"
"QAITLVTQY","Q9Y6V7"
"SLFNANYDV","Q14696"
"SVINVFVGR","Q5SYE7"
"YAIDNPLHY","A5YKK6"
"LPVKGFRSY","P11388"
"SLAEVLQQL","Q6NUM9"
"VLLSTIHEL","Q6I9Y2"
"VFITDKISSF","Q86U38"
"FFNGLRTEL","Q9Y394"
"ILVDWLVQV","O95067"
"AVMNFVVRY","O60568"
"DPYRALDI","O14617"
"ALSEQILMV","P48552"
"YYRFGQVY","P46977"
"KLDYGQHVV","P38919"
"MPPSFGYSM","P06756"
"YLMEVTHDL","Q9P2J5"
"ALSDSIHTV","Q9UKN5"
"HPFHVIRI","Q96L21"
"ILNPEVVTV","Q9UK61"
"RLAEVVHEL","Q9Y222"
"TAYNLIHTI","Q6ZPD9"
"KMSQVAPSL","O00567"
"ALANQKLYSV","Q9NU22"
"FPSFGSGFSSF","O75190"
"FLPQGFPDSV","Q96GQ5"
"FLMDFIHQV","Q8WUM0"
"ALASLIRSV","Q9Y646"
"YYTDFVMEL","Q9UKV5"
"TPYEGQRSY","Q92900"
"VPVSVVSDSY","P43490"
"YLNDLIHSV","O43572"
"DAVGFSRVI","O95453"
"IPKNNPPTL","Q9P289"
"KVLDVLWEL","Q9UPU5"
"RYLESARCY","Q9P253"
"RYIANTVEL","P04844"
"NYPSAFHSV","Q96JK2"
"ILNPYNLFL","Q9UGL1"
"HLWNSIHGL","Q14596"
"FYNNRLQAY","Q8N653"
"SAYLTQQV","Q6YHU6"
"AVFPSLLTNPK","P52292"
"YYIDDVFHAL","Q92963"
"MTDDKITEV","P46013"
"YLDWTIERV","Q9Y597"
"LLWDYVYQL","P41212"
"TALPRIFSL","Q03518"
"LPVPVIPSF","Q7Z7G8"
"RYIPTAAAF","P61619"
"YYNTAVKL","Q7L5Y9"
"NLAKCIVSV","Q96GQ5"
"YLTAEILEL","Q6FI13"
"DIFAKFSAY","O00299"
"RLDSYVRSL","Q9Y5R8"
"NLNSIVPSV","P48200"
"TMADQIVTV","O00186"
"KIFTEDLPEV","Q96JC1"
"FPDTGSDHSY","Q96EK4"
"KYINTDAKF","Q8TEL6"
"GLLGTLVQL","P35222"
"TFDIASDAF","Q9Y376"
"LPDGQVITI","P60709"
"KVLDAIIQEK","Q9NTJ3"
"YVTTSTRTY","P08670"
"VPWKGLQNI","Q9HCJ0"
"KLLGKLPEL","P43354"
"SYPTGNHTY","P49023"
"FVFETPFTL","Q96BY6"
"MLSEKHLISV","Q8TBC3"
"STMRPLATAY","Q8NFH5"
"FLFNKVVNL","P62699"
"FPSISRPQF","P56693"
"YFFGEGYTY","Q6P6C2"
"VPVTPIPTF","Q96RP3"
"SYAPRRGEF","Q7KZF4"
"FIWENIHTL","Q03001"
"GVFTPGAAFSK","Q8NBX0"
"MLLHGQDVITV","Q8N766"
"TPAEIREEF","Q9NVH1"
"MPYSVIRGEAF","P01023"
"IYGRGIAY","Q8NBP0"
"SPEPNSPSEY","Q16665"
"LPYYGGSVEI","Q96KR4"
"SAVNVGVTAY","Q8N0X7"
"SFYNLLTRTF","Q969N2"
"TAAPVVPEL","O75116"
"FFPDKPITQY","P39656"
"VYQAVRQF","Q14669"
"TPLPEDNSM","P78527"
"TLLPYLYTL","Q2M2H8"
"ILDHEVPSL","Q6NZ36"
"YLLPSGGSVTL","Q96G04"
"AVMVHQLSK","P35222"
"FIPPAFTNV","Q86YA3"
"VYYASPRSY","P18850"
"VPLSQVKSI","Q86T24"
"ATSPPGAIPK","Q9Y6A5"
"AMLTVLHEI","Q8N3C0"
"SAMPTVRSF","Q03518"
"HLGEYQAAV","P53675"
"FFVENVSEL","Q6KC79"
"KLIDKLDSL","Q8N1I0"
"KLADAKIFL","Q9UHQ1"
"MAAMPQTVY","Q8WU79"
"KYQAVTATL","Q6NVV1"
"LPWQIVQI","Q07864"
"FLVQEVVEL","Q9BXI6"
"FPAGKVPAF","P26641"
"SAVPVFMFY","Q13491"
"YIDRVRSL","P02545"
"FLLDKKIGV","P78371"
"FVDGLTFKV","Q9HCE1"
"KYQHTGAVL","O43684"
"FPWPSLRTY","Q9UKV5"
"NSVGSVHSY","Q9UPW0"
"TTIEFVTQR","Q13002"
"AFDASRTSF","Q9Y6R0"
"MPSEKVSSY","Q8N141"
"VFHAGTAL","P22102"
"FPNIPGKSL","O15121"
"YYFVFDHAL","O75845"
"LPLAHVLEL","O60488"
"FLLDGKVLSL","Q8N1F8"
"FLKDLVASV","Q14919"
"LLDRFLATV","Q14094"
"AVFPKPFVEK","Q6PFW1"
"TPPDSSLVTY","Q13561"
"SLFEKGLKNV","Q9UKA1"
"TMVDRIEEV","P29375"
"FPETTSPHEY","A2RRP1"
"RLFDQAFGL","P04792"
"FFVENVSEL","Q6KC79"
"FPDKPITQY","P39656"
"KILEDVVGV","Q9ULW0"
"AMIDQVLEL","Q8WVB3"
"MFQKTAASF","Q15003"
"LFMPSTSSM","Q92545"
"VPPSVQRSI","Q14511"
"RYQFIEEAF","O15164"
"YPSIHITAY","Q4J6C6"
"ILMHHPPQV","Q7Z5Y7"
"SLITDLQTI","Q4AC94"
"SAIKENFQF","Q460N5"
"FPSEYVPTVF","P60953"
"FMLSISPRL","Q03519"
"KFYSVNVDY","O00483"
"FVDPAQITM","P23921"
"NAVKDFTSF","Q6N021"
"HLVAVFNEY","P50995"
"YFFDNDSKSF","P54289"
"LPDLSGPHSY","Q86XL3"
"YLDPAQRGV","Q96S19"
"KLFDRPQEL","Q5VZ89"
"LLLEILHEI","Q96HE7"
"YLIPLPAAEL","Q86SQ4"
"KVANIIAEV","P52306"
"QFPGFPAAAY","Q96DH6"
"VPTPIQPTF","A6NF01"
"VLQAIDSIHQV","Q14689"
"YLDGHLITTV","O95544"
"DFDVAVVTF","Q460N5"
"LPALLQQL","P54725"
"IAFLSPKV","O15258"
"FFLLGKTL","O43462"
"ALLPSSPTL","Q92994"
"CYYRFGQVY","P46977"
"APFSKVITF","O95757"
"FPNIPGKSL","O15121"
"VFNEATSSF","O14981"
"FIFSDTHEL","Q9UKK3"
"FLSEHPNVTL","Q9UH17"
"LPFEEKVEV","O95425"
"FPNIPGKSL","O15121"
"LMYDAVHVV","Q13002"
"VSLDYAISK","Q6NUN9"
"LPFLVQRTV","P37023"
"KYDQLKVYL","Q9H3S7"
"KLADKLYNL","Q8N4P3"
"LYPSIIQEF","P09884"
"GLMGAGIAQV","Q16836"
"YFVVSREY","Q02742"
"FLLPHPGLKV","Q8NHH9"
"FLAEHPNVTL","Q8IUX4"
"FLLSEPVAL","Q9Y653"
"ALAQRLLEV","Q6ZMZ3"
"FLDNGPKTI","P78344"
"SLLDPLWTL","Q9H3S7"
"SLHLHVPSV","Q9UHV7"
"ALAEEVEQV","Q9BQE5"
"LLADLLHNV","O76075"
"QIFVKTLTGK","P0CG47"
"LYGPSSVSF","P50454"
"SLDDHVVAV","A2RRH5"
"FIADLVVGL","P06733"
"KVFAGIPTV","P23471"
"RVINSIPLAK","Q86XR8"
"SPSHYALLQY","Q8N766"
"ATSPPFQLTK","O15054"
"RIQLPVVSK","P46013"
"YLTDRVMTV","O15379"
"FIFSDTHEL","Q9UKK3"
"LPMPFTPTL","Q6UXX5"
"FFEPWVYSF","P78527"
"NAIEDASFLY","Q6P158"
"TFDDVAVHF","Q9ULD5"
"FLSDAEIIQL","P04035"
"RYIYNQEEY","P13762"
"LFEARIISL","Q15149"
"HPLTPLITY","Q9UJU2"
"KVFEPKLNY","Q96CW1"
"RLYDPASGTISL","Q9NRK6"
"LPYPAPEGIAV","Q6W2J9"
"FFEVSPVSF","Q8N543"
"VPFPKNFMSV","Q7L9L4"
"SAYEALEKY","Q15785"
"YLPDFLDYF","Q6PCB5"
"ATFPDTLTY","P23229"
"FVDGLTFKV","Q9HCE1"
"VPFPLTLRF","Q9P0I2"
"VPYRVVGL","Q6ZN04"
"LYDPVISKL","Q96EZ8"
"SLLDKIIGA","Q6NZI2"
"SLASCIITA","Q6UW02"
"EPAKTLIEF","Q9UHC1"
"KPRAYTITI","Q6UXX5"
"QFFPEAISF","Q16828"
"LPLPHFDTI","Q9ULW0"
"IPFDPKFITY","Q8N7H5"
"QPNGGASVIHAY","Q6PCB5"
"KIGDFGLATV","P04049"
"SLADSLYNL","Q08AD1"
"NALGVILQV","Q15477"
"FPDKPITQY","P39656"
"FLDDVVHSL","Q15652"
"DSYTPKVI","Q96BY9"
"LPANSVTKV","Q969N2"
"QFDVATHL","Q9Y3A2"
"EPFIFHEV","Q68DI1"
"SYIKSSSSL","Q69YH5"
"IPNEIIHAL","P52272"
"ALHDLLQHV","Q9Y4G6"
"YYDGKVMKL","P11387"
"FYLPHGLSI","P19021"
"AYGRMGLAL","Q96EQ0"
"KLDEAVAEA","P23526"
"TPSEPHPVL","Q9Y5A9"
"SLSNFIESV","Q8IXT5"
"MTHNLLLNY","Q92769"
"LPIDPNEPTY","Q9UK53"
"VPRQNVPVI","Q12929"
"FLSDAEIIQL","P04035"
"IYDKFIAQL","Q6P1K2"
"GLAFSLNGV","Q8TCT9"
"KYFSGPAITL","O95155"
"ATFPGMWER","Q6YP21"
"NAFLSKSSV","Q63HN8"
"SVMSTVEWNK","Q7L1Q6"
"KLAEGVLDV","Q5THK1"
"VFSESASQL","Q5SVZ6"
"KLMQQQQEV","O15164"
"SLSQELVGV","Q5VUA4"
"SAAAPHTVSY","O75907"
"GSDLPIIEK","Q9Y2H2"
"HAVDVDSGSVY","O95819"
"YYLGKILEM","Q96G01"
"IVSSLRLAY","Q9NP61"
"KIDDKPVKI","Q15005"
"LPIGIPYSI","O15121"
"FPITAIREI","Q14004"
"YLFERIKEL","Q96SK2"
"AYYAGHVL","Q5TA45"
"NFIDSTNTV","Q969N2"
"AFDEAIAEL","P31946"
"ATTQTIMQK","O43543"
"STFQQMWISK","P60709"
"RLGDKILQV","Q15717"
"LPYKGGNTL","Q05707"
"AVYLLPVPK","P42694"
"HAVDVDSGNSY","Q8N4C8"
"FPATPLLDY","P53396"
"KLLDPQEFTL","P24821"
"NVYENIVNY","Q16363"
"YLFEEIAKI","Q96N21"
"VPVPQLKSF","P62081"
"NAYHELAQVY","Q9UNS2"
"YYRDARSY","P28070"
"MPSILQNETY","O43150"
"VFAEKITSL","Q01850"
"TFSYGRAL","P04075"
"YPFKPPKVAF","P61077"
"YFHDDGFLAF","P98160"
"KLTGVLCEV","Q9NVC3"
"ATIQNETPK","Q5HYJ3"
"YFIRDVKSL","P20585"
"SVPEFPLSPPK","P16949"
"LLDGKVVNV","Q9UDR5"
"GVSKPIGVSK","Q96KM6"
"LPLPSPALEY","Q8IU81"
"SLADVHIEV","O14981"
"KLDETGVAL","Q02880"
"RPVPFASEM","Q16828"
"LPFVGKESI","Q9UKN8"
"RLAELELEL","Q9Y2E4"
"VPVDVVVNM","Q8WVX9"
"FLSDGTIISV","Q969X6"
"RYPPHSLSY","Q9Y618"
"ATYDTTLVEK","Q93096"
"EADKTIKVY","O43660"
"TAVESFLTI","Q8NBX0"
"LPPNLYPTV","Q96S59"
"VYFAEKVTSL","P52943"
"NYQVQFVTL","Q9UKN8"
"YFRDNPSEL","Q9GZN1"
"QYSTGKTTF","Q9H223"
"HYDHVLIEL","Q14566"
"TLYEHNNEL","Q9NRG9"
"SLLPHPIIV","O95759"
"MPFPAHLTY","Q86YS7"
"MPRFTEQV","P35221"
"IPNEIIHAL","P52272"
"KLTDYQVTL","Q9H1H9"
"SVITQVLNK","O75475"
"FFEVSPVSF","Q8N543"
"HPYIYRVTF","Q7Z7A4"
"EAWPALQI","Q969E8"
"ATAGFTIGR","Q93074"
"DAVVSFAHV","P43246"
"NLISQLTTV","Q9Y2G0"
"FADNRIKTL","Q9BYP7"
"NAFPCQVNI","Q9NQW6"
"IYDKFIAQL","Q6P1K2"
"SLFNKLVEL","Q93073"
"DSFVFRKV","O95573"
"LYLHSVRAY","Q6NUT3"
"VFAEKITSL","Q01850"
"KLDSPRVTV","Q96G04"
"VPASLPVEF","P21333"
"DAYLVHLI","Q9Y6V7"
"RLFHDSAVTSV","Q3SXM0"
"SYHSYVIGF","O95573"
"TFDVHLDL","O15269"
"ALTDFVRSV","O60888"
"YFFDNDSKSF","P54289"
"VPFPLTLRF","Q9P0I2"
"AVFPSIVGR","P60709"
"VFKNGNAF","Q7Z3K3"
"VFNEATSSF","O14981"
"TFASRVSSL","Q9Y6W5"
"FPDKVAIQL","P11216"
"NPISTVTEL","P50991"
"SPSPISSPTF","Q6PGQ7"
"KIFSGVFVKV","Q6DKI1"
"KYQDVYVEL","Q9H2D6"
"RLSPEVQSV","Q5T5U3"
"YAYEKPHVV","Q15751"
"GLDRLNVTV","P19367"
"LLWDYVYQL","P41212"
"VFHAVHEF","Q8TEU7"
"FFPMHFQAF","Q8IZ52"
"VYDPLFSQL","Q9UH36"
"KLADIQIEQL","O60925"
"MFQKTAASF","Q15003"
"FLYDKALTF","Q6P158"
"SIIDWLNSV","Q9NVW2"
"NLIIFSPSV","P39656"
"HADGTIVRY","Q9UG01"
"LLSPVVPQI","Q8N1F7"
"HAADVFEAY","Q5T4S7"
"IPYTGPFNLL","Q9UKF6"
"NLDPAVHEV","Q9HCN4"
"FPSEYVPTVF","P60953"
"KLAEALPSL","P33076"
"SFFDNISSEL","Q9BX40"
"IYFEYSHAF","P20585"
"FLVDGPRVQL","Q9BR11"
"IAFPTSISV","Q9UQ80"
"LPKSIYSQI","Q9NV06"
"GYPNFVATY","Q96DH6"
"TYNILTHDY","Q14527"
"KLGEIVTTI","P61204"
"VPFNIPLEF","A6NHR9"
"TLLERAFSL","Q7Z4L5"
"LFPDTPLAL","Q12906"
"AYPYYASAF","P39656"
"ITQYPHAVGK","P39656"
"VLDASVKEV","Q5T5Y3"
"YFSDGSSNTF","Q9Y2F9"
"YIMSYISRV","Q12965"
"SLFPEPLSI","Q14D04"
"IPDQVIRVF","Q8TEU7"
"IYHNGVLEF","Q9UKN5"
"AVYVPFWQK","Q15361"
"FLLGEKVTEV","Q9HCD6"
"LPDERTISL","Q05048"
"IVMITNLVEK","P23470"
"FPDKVAIQL","P11216"
"FFDPAIRVL","P43251"
"LPLAHVLEL","O60488"
"YFQYVGTDF","Q8N0Z8"
"LPPPGLTI","O75030"
"VLFEKEVNEV","Q9BZQ8"
"LFPDVVNCM","P63010"
"VYIDKVRSL","P20700"
"KVWGNVVTV","O43390"
"ATTLPIRNK","O75179"
"KYVNGSTY","Q6P2Q9"
"FLLSSQVGL","Q93063"
"LLQKFVPEI","Q2KHR3"
"KYQHTGAVL","O43684"
"KLLGSMEQV","Q96HW7"
"SLDSTLHAV","Q9C099"
"DGRIFGESI","Q8NFH5"
"NAFKEITTM","Q00403"
"FPITALREI","P50750"
"IPIGGGTSVSY","O00116"
"KLFGMIITI","P61619"
"LFMPSTSSM","Q92545"
"TAAPTGTTI","P52948"
"ALANQIPTV","P43246"
"RFPDFVRDF","Q9BXR0"
"SYADNILSF","Q9BZH6"
"SALLIRDTI","Q14993"
"AYTAYRTAL","Q6UWF9"
"FLNKEITSV","Q9UI10"
"YPFQIHSI","O95674"
"GQISVVISK","Q96PD2"
"QYRGMGLSM","P28062"
"YFYDPDVGNF","O15379"
"GVSKPIGISK","Q96KM6"
"LPAPPARTL","Q9P1Z3"
"TYHASGAEL","Q12772"
"MAPPPPRSV","Q75N03"
"YFQQANEL","P28331"
"KMQETLVGL","Q9Y6D9"
"TVFREVVSF","Q8NFI3"
"SLADVIIHEI","Q9H4A4"
"VPPTALRV","O43281"
"FLWAGGRASY","Q00839"
"FPASFPNRQY","Q8TCT9"
"SLAEFVQSL","Q93009"
"YFYPYGLQTF","Q9UH99"
"YVTTSTRTY","P08670"
"FFEPWVYSF","P78527"
"YLNDFTHEI","Q9H5V7"
"YLFERIKEL","Q96SK2"
"FLADNHHQV","Q13315"
"LLFSFAQAV","P37837"
"IQWSIVPEV","Q6IC98"
"RYQDAIRVF","Q9Y262"
"FFNYTVRTL","O60568"
"RVIGTLEEV","P46060"
"GLIEWLENTV","P78527"
"IAIDVIDAY","Q9UBB4"
"ALMPVLNQV","Q5RKV6"
"ALAGAVTHTV","P51788"
"ALYTVIETV","Q6NUK4"
"SLFRVITEV","Q93063"
"SLAQYLINV","Q15366"
"YPASIVHQV","Q9H2X6"
"LPDIGGRNI","Q5DX21"
"LPHSAVPEY","Q3KRB8"
"IYVISAETF","P24539"
"YFSDPFLKY","Q15165"
"SIIGRLLEV","P62136"
"NLIPYSPDV","Q8N766"
"MPYSHPSSY","Q6KC79"
"FLAPLVTEY","Q96NL6"
"KLLDFGSLSNL","P08708"
"SLHSLLVDV","P22736"
"NVVAHLINY","P16157"
"IPVEFKLVI","Q9HD20"
"FYYDGKVMKL","P11387"
"TTSNFTFSK","O60318"
"RLIEESVTV","Q12769"
"VLLEQPTWQL","Q9BV87"
"MWDPAAQAF","P26358"
"FPAVVKNV","Q13367"
"IVADHVASY","P01906"
"SLLDPLWTL","Q9H3S7"
"LLFDRPMHV","P52272"
"KFIDTTSKF","Q92901"
"FLNGEVIRL","Q99714"
"SLINVGLISV","Q92688"
"MAYGFRNI","Q9H6Q4"
"RFPEELTQTF","P26641"
"LLYPTEITV","P26006"
"YLAELVTPIL","Q04637"
"AYQSGRLSY","Q7Z5J4"
"RLTPKLMEV","O15372"
"YFSERGDAV","Q06323"
"FYLSKMISM","P04035"
"LMVDHVTEV","Q9HD15"
"IYHNGVLEF","Q9UKN5"
"TPTLPSITY","Q96T58"
"YLDEDTIYHL","P31153"
"SYADNILSF","Q9BZH6"
"GVMSPPLSR","Q12772"
"YPAEITLTW","P01889"
"FYNLLTRTF","Q969N2"
"ALGDRIFGL","O75578"
"RLAEVVHEL","Q9Y222"
"SALLQHQTV","Q6U7Q0"
"LFPDVVNCM","P63010"
"MPFFAKTV","Q92541"
"YLDGHLITTV","O95544"
"RLFDEPQLASL","Q9BX70"
"SYMDPMNEY","Q9BRK5"
"FLMDFIHQV","Q8WUM0"
"VPILISEI","Q9HD26"
"GTTAVFINK","Q9NR48"
"YYQIRSSQL","Q9UPT5"
"SLIDPNILSL","Q12756"
"QYSTGKTSF","Q9NZN4"
"LPHHRVIEV","P69849"
"HPNLVVGGTY","Q13409"
"VLIDEVESL","Q15645"
"YLDQGTQIFL","Q9H1A3"
"SPLERYYDY","P08582"
"RIMGNIWDA","O75694"
"KIYEGQVEV","P46777"
"AYSSPARSL","O43301"
"LPDGQVITI","P60709"
"KMDEVLYSI","P83876"
"KFMTQSAF","Q9C0D5"
"YMIAHITGL","P04818"
"FVDPAQITM","P23921"
"GLFAPVHKV","P30622"
"FPNAIEHTL","P22314"
"KMVDGVGVCTV","Q5T4S7"
"SYPTGNHTY","P49023"
"MPFPAHLTY","Q86YS7"
"IWQHVVQEL","P33076"
"RLHDVLMEL","P46939"
"TFQSTKAVY","Q9HCS7"
"YPHAVGKNTL","P39656"
"VPNKVIQCF","Q00610"
"EAFGVGVEF","Q15008"
"SIAEVVHQL","O14976"
"DAAMKAMTI","P55265"
"SFQGMVTSF","Q9NYA4"
"DAYAVKEAI","Q9UPU5"
"FFDPNTHENL","P58107"
"RLLEVVTSI","Q9BRR6"
"ALNNLLHSL","Q96Q15"
"GLDSGFHSV","O75427"
"FLAEDPKVTL","Q9HC16"
"VYIDRVRSL","P02545"
"KFYDGVVQTV","Q9BVI0"
"APATSILEY","Q96PU8"
"KLYGKPIRV","Q15427"
"KSIIPTVGK","P28749"
"VYKVPSASM","O75161"
"LYGPSSVSF","P50454"
"FPVTSIFHTF","Q9UIX4"
"TLMDMRLSQV","O94906"
"IPTDVLKIVY","Q6P179"
"MPYSHPSSY","Q6KC79"
"VPHGGFANI","Q8IYU2"
"FPFVSKTL","P31327"
"TLLDWQDSL","O14497"
"VILPTVHEV","Q8IWF6"
"VLMKDVQEI","Q9BRT6"
"SVAGKIHTV","Q9Y6Q2"
"ATLNIIHSV","Q9P1Q0"
"LPNIPVQTI","P02786"
"DAFKIATL","Q9HCJ5"
"VFPDDMPTL","Q03164"
"VYDPLFSQL","Q9UH36"
"IPPTTTQI","Q13332"
"LLAPRPVAV","P49918"
"NFFTKATPL","P12004"
"VFDTADYTF","Q99572"
"YLFSEALNAA","P50851"
"KIVDFSYSV","O60566"
"SVMGNIIHV","Q9UPS6"
"DADGHFHLI","O95394"
"AVIPCFPYAR","P60891"
"YLVSNVIEL","P17980"
"ALPPVLTTV","Q6PKG0"
"YVDDFGVSV","Q93063"
"FLLPVINEM","Q96HT8"
"AVLAWKFPR","Q92185"
"SAVPVFMFY","Q13491"
"SYTVGVMMM","P50454"
"VYFAERVTSL","P50238"
"GLYSGVTTV","P23921"
"DAYSIQGQHTI","Q15365"
"VYFSAAHAL","Q9UBD5"
"DALRAIQCV","O95628"
"VLSNVEVTL","Q14204"
"SLFAVFPSL","P15036"
"VYDLSIRGF","Q15631"
"VFYDANDVGF","Q8NCR0"
"AYARMGHAL","O75525"
"FFKDGLEM","P13693"
"FLSSVIQNL","Q99460"
"YPKKLVQTY","Q9NRH3"
"ATFPDTLTY","P23229"
"KYQAVTATL","Q6NVV1"
"FIADLVVGL","P06733"
"ATAGIIGVNR","Q00610"
"FPYRLVGL","Q6IC98"
"FLIPIYHQV","Q13085"
"SPFYPGKTTY","P49790"
"RLLSTSPAL","Q9UBB6"
"FFSPKVVSL","P46940"
"FLAEHPNVTL","Q8IUX4"
"SVFSWQQEK","P49454"
"VYPPGFMGL","Q9BUR5"
"MAIKVLEI","Q03001"
"ALLHADFRV","Q9NXH9"
"LPRIFTSI","P35232"
"QYQSLLRSL","Q03001"
"RPIFGLTSNY","Q96ST2"
"VYPEYVIQY","Q9H0J9"
"LPFEEKVEV","O95425"
"VLLEPFVHQV","Q9UHH9"
"FPVTSIFHTF","Q9UIX4"
"IPRNQLQSV","Q5T4S7"
"ILLEAGAFVNV","Q99549"
"YYHYIFTTL","Q13002"
"DALRSILTI","P56192"
"SFDSALQSV","P49792"
"YFRDNPSEL","Q9GZN1"
"KVAVVLIQK","Q7Z392"
"KLDESIYDV","Q13033"
"GTLNPGLTK","Q92585"
"SPFGIGTSHTY","Q9HBZ2"
"YFQQPAPEY","Q9Y4K0"
"LPASIPHVI","Q9H981"
"DAFKSGIVQY","Q9NZ08"
"IPYSEPMPLSF","Q8N3C0"
"SLYGGTITI","Q5VTR2"
"GVFDGLHTV","P43251"
"KLMDLDVEQL","P12004"
"RFPEELTQTF","P26641"
"HSVLIHEYY","O00303"
"KLNATNIEL","P28066"
"VFDVSHNAV","O95486"
"AYPYYASAF","P39656"
"YFHDRVASF","Q9NXC5"
"YFQPSFESL","Q9NQY0"
"KVIDPVTGK","Q9Y2R5"
"YFQHREFSF","P49642"
"HLAELIAEL","Q96F44"
"FLLPDTDGLTAL","P23471"
"LPVTPILEGF","Q13200"
"YYITTRAQF","P06241"
"ATSKVALVY","P06576"
"GFQRGAASF","Q96BY7"
"FAIGGSGSTFIY","P28065"
"KLDPYVQRL","Q14204"
"VLWSDSSITSV","Q8WYQ9"
"VLAFLVHEL","Q9UIF9"
"DPHQQIYTF","Q8NFZ0"
"VALLVGEKV","Q9NZ63"
"TAYVGSAVM","Q96CS7"
"YFHDDGFLAF","P98160"
"YLDEQIKKV","Q9H1H9"
"TLAETLVNL","Q8NB46"
"FFLRMKCTL","Q16665"
"TLSSLVFQL","P42345"
"ILDISEHTL","Q9UBU7"
"FLQEGDLISA","Q13868"
"LPVPVIPSF","Q7Z7G8"
"SFDTGFTSF","O75190"
"YFFGEGYTY","Q6P6C2"
"WYQRVYQSL","P14854"
"TLAEHIIEA","Q9Y6Y1"
"KLADKLYNL","Q8N4P3"
"GLLNNIAEV","Q9C0D3"
"YAYEKPHVV","Q15751"
"ALGSSWIISV","Q05397"
"RYPEGYRTL","Q9HAU0"
"SLQSTILGV","Q86WA8"
"FLPQKIIYL","Q9UL46"
"RIIEPLTSR","P35249"
"YLPELLQTV","O14682"
"LPSDLRTI","Q9C0A6"
"TFPQFIKAY","Q6ZP29"
"IVIRAKVVGK","P35625"
"LLLEEGGLVQV","Q92890"
"MLIGEIFEL","Q7Z3C6"
"MAFLDSQTATF","O95163"
"TLSDIMVSL","Q9NXF1"
"GLAKLIADV","P39748"
"IPHSFALISY","Q9NVH1"
"KVLETLVTV","Q86XA9"
"EVIFSLETY","P08243"
"HPVSALMEI","P18583"
"WFDGKLVTV","Q9Y2U8"
"SVLEAEGVFEK","Q6YHK3"
"FFQQTTTSF","Q8WXH0"
"LPALLQQI","P54727"
"VPFNIPLEF","A6NHR9"
"LPAPPARAL","Q9H9P5"
"FIQEIEHAL","Q96A65"
"KFIDTTSKF","Q92901"
"LPVVPKATY","Q9H3Q1"
"FIDDANYSV","O14977"
"FLLQDTVEL","P78344"
"FLIPIYHQV","Q13085"
"KLAKLQAQV","Q96K17"
"CLDKSVIEL","Q9H9E3"
"ALLDRIVSV","Q92621"
"FPANVMDVI","P17844"
"HYFAPRGL","Q6UXX5"
"GVIVHIIEK","P49720"
"ALAAALAHI","Q9BQ39"
"LPVPVLETY","Q9Y6W5"
"HPDEKSIITY","Q01082"
"LPLAHVLEL","O60488"
"HIIENIVAV","O76021"
"FYNLLTRTF","Q969N2"
"HPYEVAEVI","O60888"
"IFQTGLVAY","O43390"
"RIFAPNHVVAK","Q02543"
"ILQEYVEHQV","P08243"
"STSPVSPISR","Q9Y6X0"
"FLWAGGRASY","Q00839"
"ALLALLPEL","Q9P2E9"
"ALAEALKEV","Q6PI26"
"HYDHVLIEL","Q14566"
"NPYEPIRKV","Q15646"
"TLYDIAHTPGV","P40926"
"HASDRIIAL","P29401"
"KLGDFGLLVEL","Q99640"
"AYEFMSQAF","Q96QK1"
"WGYPNLKSV","P18124"
"VIDGHPVSF","Q16363"
"FPAIGTGNLGF","Q460N5"
"RLLDYVVNI","Q63ZY3"
"VSMDYAISK","Q9ULD5"
"MPYSVIRGEAF","P01023"
"YPLQGPGLLSV","O75694"
"SLDSTLHAV","Q9C099"
"RYQVSWSL","P51571"
"VPWKGIQNI","Q9UPQ9"
"VLAFENPQV","Q8IUR7"
"MLDEPTNHL","Q8NE71"
"GTVRIGVAK","O75970"
"HLYDIHVTV","A8MXV4"
"LPETSKYEY","O94972"
"DAILARTV","P55268"
"SLLPFLKAV","O75533"
"GLLGNVVNI","Q92611"
"KLIPQLPTL","Q9HB90"
"YFYDPDVGNF","O15379"
"GYPLYHSVY","Q9HBA9"
"KLVKEVIAV","P38117"
"VFDPIGHF","O60885"
"YAYEKPHVV","Q15751"
"FPILIRQV","Q8WTW3"
"YLFERIKEL","Q96SK2"
"RSMEAHNILSK","Q9NP77"
"VFYDANDVGF","Q8NCR0"
"VYDLSIRGF","Q15631"
"FMIDASVHPTL","P86790"
"GIWGFIKGV","Q96M27"
"KLISSYYNV","Q96SK2"
"LFEARIISL","Q15149"
"RFQDLIREL","P42694"
"IIDDTIFNL","O15118"
"SYQEMIANL","P19623"
"SVITQVFHV","Q00341"
"SLLQALNEV","Q14204"
"IPGPPPRSV","Q659C4"
"EVSKIVQTY","P12814"
"FVFETPFTL","Q96BY6"
"KYQDVYVEL","Q9H2D6"
"FYQPKIQQF","Q9NVI1"
"AVSAVVHEY","P35610"
"ATTHEIMGPK","Q13492"
"TYNDKALAL","Q99715"
"LPDIGGRNI","Q5DX21"
"KLTDYQVTL","Q9H1H9"
"IPPLATHTI","P15529"
"SVFFPESGLAK","O75665"
"ALLGRVYDV","Q8WUJ1"
"VYIKHPVSL","P48556"
"FLLDGKVLSL","Q8N1F8"
"FIDKFTPPVV","P01903"
"AFDLDVVKL","Q15459"
"YLQEIQTQL","Q9BQF6"
"YQPYEIPAV","Q96GV9"
"RYPPHSLSY","Q9Y618"
"SAYGGDQNY","O14979"
"KLLGELHTL","Q15154"
"RSFFVPQPK","Q5FWF4"
"ALLKYIETL","Q08211"
"VLFENTDSV","P42696"
"FYITPSTSL","P49750"
"YYLGKILEM","Q96G01"
"SFQDFVSHF","B2RTY4"
"RVMEYINRL","Q00610"
"STQKQVLNY","Q9H9Y6"
"KLNDLIQRL","P53621"
"LLLDVTPLSL","P54652"
"LPARLTQV","Q76N32"
"FPDKVAIQL","P11216"
"ATLLIFANK","P36404"
"GLVGSLQEV","Q9H1A4"
"FYSVNVDY","O00483"
"FYAFGRVF","P13639"
"KLDETGVAL","Q02880"
"VLIETLVTL","P23526"
"LPAPPARTL","Q9P1Z3"
"RPAQAFPVSY","P07949"
"YLMEVTHDL","Q9P2J5"
"LLYGKYVSV","Q9H0R3"
"SLFKDQMEL","O15397"
"IPVHDSVGVTY","P23471"
"LYYRDARSY","P28070"
"TLLDSTWNL","O95302"
"RYQFLEEAF","Q9UPN9"
"GLAKRVWSL","Q9BUH6"
"FYITSRTQF","P12931"
"RLHDVLMEL","P46939"
"HFPGLASEL","Q8TCY9"
"FLADIVQKL","Q9NZJ4"
"VTFNKSIAK","Q8NFZ0"
"GLIDGVVEA","P14866"
"SMAPIMTTV","Q9HBG4"
"TAAPVVPEL","O75116"
"STSMTFLNR","Q96RW7"
"NFDTIDQQF","Q8WYP5"
"FAIPFAITI","P29275"
"LPWKPVFI","Q5JRA6"
"VYFAEKVSSL","P52943"
"KLMNVDPDSV","O75293"
"YMINFIHKL","Q15561"
"SLMSWSAIL","P09912"
"TAYVGSAVM","Q96CS7"
"YPASIVHQV","Q9H2X6"
"EAWFSPVHTY","Q13884"
"KLSEIPLTL","Q9UIG0"
"TLSERLWGL","Q9NS69"
"VFLPRVTEL","P78527"
"FYQRFPLSF","Q92611"
"QYPGRSLVF","Q9GZR7"
"RFLDKALEL","Q9Y617"
"KLHDVELHQV","O14775"
"KFNPCGKVF","Q6V9R5"
"SLLGRSLEL","Q9NRL3"
"RYDPQTNEW","Q9Y2M5"
"ATHTAFVAK","P42166"
"YPAEITLTW","P01889"
"RVIGDLDTV","Q96AX9"
"ILIDWLVQV","P14635"
"RTLSDYNIQK","P0CG47"
"FPNAIEHTL","P22314"
"VFTIQSIVM","O14617"
"DPMGKEGDFVY","O94885"
"FFEPWVYSF","P78527"
"FVFETPFTL","Q96BY6"
"KLLEVQILEV","Q8IWJ2"
"ALYNWLIQV","O75694"
"SFDTGFTSF","O75190"
"FVDPNGKISL","Q92538"
"VLNEYFHNV","P53680"
"SFMSGADSF","O14777"
"LYYNTITNF","Q14527"
"YLFDRNGVCL","Q9Y5R8"
"SLNTGIITV","O14672"
"YFGSNMREF","Q9BW27"
"YLDRYLSCV","P30281"
"KLSDLQTQL","P19387"
"SWIDDTSAF","O95453"
"VPPLATNTV","Q9H0E3"
"IPKGTEITI","Q8IZD2"
"FLFNKVVNL","P62699"
"MPYSHPSSY","Q6KC79"
"SILPAIFQK","Q5BJD5"
"VYPPGFMGL","Q9BUR5"
"SYNTVAQEL","P18583"
"AVISPPTVPK","Q9H9Y6"
"TPYGRPANI","Q7Z401"
"KVADGLVKV","O75935"
"QLQEETFRL","Q86VS8"
"KLNDLIQRL","P53621"
"IYSFHTLSF","Q5UIP0"
"LLAPRPVAV","P49918"
"YLDRVRSL","P05783"
"MPFKCMQL","P50914"
"ALIEKLVEL","Q14181"
"SLLDRFLATV","Q14094"
"FPQTALVSF","Q8N766"
"SIIPPLFTV","P51571"
"FLEEGGVVTV","O60671"
"KLLEPVPVSV","Q86W34"
"SLFEGKALGL","Q9H981"
"LPFIHHEL","Q9UJX0"
"RIMNLTVML","Q96RS6"
"HPYIYRVTF","Q7Z7A4"
"RTYVGSMPGR","Q86WA8"
"VVMTPVPLFSK","O14976"
"LPNWLINSY","Q12769"
"SLAEGSVTSV","P13010"
"DTFRIPLI","Q99519"
"SFQGMVTSF","Q9NYA4"
"ALLGKIEKV","Q10471"
"LPMPFTPTL","Q6UXX5"
"FFDDVGAVTL","Q6P3W7"
"VYKVGIAF","P42694"
"FFQQTTTSF","Q8WXH0"
"TAMPKLLSY","Q16533"
"VFVEATHVL","Q9UJX2"
"HPVSALMEI","P18583"
"FLVDGPRVQL","Q9BR11"
"VYSWGSNTF","Q96Q42"
"FIFSDTHEL","Q9UKK3"
"ALTGYLHTI","Q9NYY8"
"YYLPKLLSY","Q6YHU6"
"KLFPDTPLAL","Q12906"
"SLPKGVVEV","P50454"
"ATLKGLVQK","Q8N129"
"IFQIGVLGF","P35610"
"VLIDDLTTL","Q9Y2Z2"
"FLLPVINEM","Q96HT8"
"SWIDDTSAF","O95453"
"LYPSIIQEF","P09884"
"SLLEHFNTV","Q9UHF7"
"KFPVFNMSY","P53621"
"FYDERIVVV","Q9P265"
"IFPLIYSEM","Q14534"
"KLDADMPEV","Q09666"
"SLDPKTNTL","Q13685"
"LPISPTFVGY","Q9UGH3"
"QAITLVTQY","Q9Y6V7"
"SLFNANYDV","Q14696"
"SVINVFVGR","Q5SYE7"
"YAIDNPLHY","A5YKK6"
"LPVKGFRSY","P11388"
"SLAEVLQQL","Q6NUM9"
"VLLSTIHEL","Q6I9Y2"
"VFITDKISSF","Q86U38"
"FFNGLRTEL","Q9Y394"
"ILVDWLVQV","O95067"
"AVMNFVVRY","O60568"
"DPYRALDI","O14617"
"ALSEQILMV","P48552"
"YYRFGQVY","P46977"
"KLDYGQHVV","P38919"
"MPPSFGYSM","P06756"
"YLMEVTHDL","Q9P2J5"
"ALSDSIHTV","Q9UKN5"
"HPFHVIRI","Q96L21"
"ILNPEVVTV","Q9UK61"
"RLAEVVHEL","Q9Y222"
"TAYNLIHTI","Q6ZPD9"
"KMSQVAPSL","O00567"
"ALANQKLYSV","Q9NU22"
"FPSFGSGFSSF","O75190"
"FLPQGFPDSV","Q96GQ5"
"FLMDFIHQV","Q8WUM0"
"ALASLIRSV","Q9Y646"
"YYTDFVMEL","Q9UKV5"
"TPYEGQRSY","Q92900"
"VPVSVVSDSY","P43490"
"YLNDLIHSV","O43572"
"DAVGFSRVI","O95453"
"IPKNNPPTL","Q9P289"
"KVLDVLWEL","Q9UPU5"
"RYLESARCY","Q9P253"
"RYIANTVEL","P04844"
"NYPSAFHSV","Q96JK2"
"ILNPYNLFL","Q9UGL1"
"HLWNSIHGL","Q14596"
"FYNNRLQAY","Q8N653"
"SAYLTQQV","Q6YHU6"
"AVFPSLLTNPK","P52292"
"YYIDDVFHAL","Q92963"
"MTDDKITEV","P46013"
"YLDWTIERV","Q9Y597"
"LLWDYVYQL","P41212"
"TALPRIFSL","Q03518"
"LPVPVIPSF","Q7Z7G8"
"RYIPTAAAF","P61619"
"YYNTAVKL","Q7L5Y9"
"NLAKCIVSV","Q96GQ5"
"YLTAEILEL","Q6FI13"
"DIFAKFSAY","O00299"
"RLDSYVRSL","Q9Y5R8"
"NLNSIVPSV","P48200"
"TMADQIVTV","O00186"
"KIFTEDLPEV","Q96JC1"
"FPDTGSDHSY","Q96EK4"
"KYINTDAKF","Q8TEL6"
"GLLGTLVQL","P35222"
"TFDIASDAF","Q9Y376"
"LPDGQVITI","P60709"
"KVLDAIIQEK","Q9NTJ3"
"YVTTSTRTY","P08670"
"VPWKGLQNI","Q9HCJ0"
"KLLGKLPEL","P43354"
"SYPTGNHTY","P49023"
"FVFETPFTL","Q96BY6"
"MLSEKHLISV","Q8TBC3"
"STMRPLATAY","Q8NFH5"
"FLFNKVVNL","P62699"
"FPSISRPQF","P56693"
"YFFGEGYTY","Q6P6C2"
"VPVTPIPTF","Q96RP3"
"SYAPRRGEF","Q7KZF4"
"FIWENIHTL","Q03001"
"GVFTPGAAFSK","Q8NBX0"
"MLLHGQDVITV","Q8N766"
"TPAEIREEF","Q9NVH1"
"MPYSVIRGEAF","P01023"
"IYGRGIAY","Q8NBP0"
"SPEPNSPSEY","Q16665"
"LPYYGGSVEI","Q96KR4"
"SAVNVGVTAY","Q8N0X7"
"SFYNLLTRTF","Q969N2"
"TAAPVVPEL","O75116"
"FFPDKPITQY","P39656"
"VYQAVRQF","Q14669"
"TPLPEDNSM","P78527"
"TLLPYLYTL","Q2M2H8"
"ILDHEVPSL","Q6NZ36"
"YLLPSGGSVTL","Q96G04"
"AVMVHQLSK","P35222"
"FIPPAFTNV","Q86YA3"
"VYYASPRSY","P18850"
"VPLSQVKSI","Q86T24"
"ATSPPGAIPK","Q9Y6A5"
"AMLTVLHEI","Q8N3C0"
"SAMPTVRSF","Q03518"
"HLGEYQAAV","P53675"
"FFVENVSEL","Q6KC79"
"KLIDKLDSL","Q8N1I0"
"KLADAKIFL","Q9UHQ1"
"MAAMPQTVY","Q8WU79"
"KYQAVTATL","Q6NVV1"
"LPWQIVQI","Q07864"
"FLVQEVVEL","Q9BXI6"
"FPAGKVPAF","P26641"
"SAVPVFMFY","Q13491"
"YIDRVRSL","P02545"
"FLLDKKIGV","P78371"
"FVDGLTFKV","Q9HCE1"
"KYQHTGAVL","O43684"
"FPWPSLRTY","Q9UKV5"
"NSVGSVHSY","Q9UPW0"
"TTIEFVTQR","Q13002"
"AFDASRTSF","Q9Y6R0"
"MPSEKVSSY","Q8N141"
"VFHAGTAL","P22102"
"FPNIPGKSL","O15121"
"YYFVFDHAL","O75845"
"LPLAHVLEL","O60488"
"FLLDGKVLSL","Q8N1F8"
"FLKDLVASV","Q14919"
"LLDRFLATV","Q14094"
"AVFPKPFVEK","Q6PFW1"
"TPPDSSLVTY","Q13561"
"SLFEKGLKNV","Q9UKA1"
"TMVDRIEEV","P29375"
"FPETTSPHEY","A2RRP1"
"RLFDQAFGL","P04792"
"FFVENVSEL","Q6KC79"
"FPDKPITQY","P39656"
"KILEDVVGV","Q9ULW0"
"AMIDQVLEL","Q8WVB3"
"MFQKTAASF","Q15003"
"LFMPSTSSM","Q92545"
"VPPSVQRSI","Q14511"
"RYQFIEEAF","O15164"
"YPSIHITAY","Q4J6C6"
"ILMHHPPQV","Q7Z5Y7"
"SLITDLQTI","Q4AC94"
"SAIKENFQF","Q460N5"
"FPSEYVPTVF","P60953"
"FMLSISPRL","Q03519"
"KFYSVNVDY","O00483"
"FVDPAQITM","P23921"
"NAVKDFTSF","Q6N021"
"HLVAVFNEY","P50995"
"YFFDNDSKSF","P54289"
"LPDLSGPHSY","Q86XL3"
"YLDPAQRGV","Q96S19"
"KLFDRPQEL","Q5VZ89"
"LLLEILHEI","Q96HE7"
"YLIPLPAAEL","Q86SQ4"
"KVANIIAEV","P52306"
"QFPGFPAAAY","Q96DH6"
"VPTPIQPTF","A6NF01"
"VLQAIDSIHQV","Q14689"
"YLDGHLITTV","O95544"
"DFDVAVVTF","Q460N5"
"LPALLQQL","P54725"
"IAFLSPKV","O15258"
"FFLLGKTL","O43462"
"ALLPSSPTL","Q92994"
"CYYRFGQVY","P46977"
"APFSKVITF","O95757"
"FPNIPGKSL","O15121"
"VFNEATSSF","O14981"
"FIFSDTHEL","Q9UKK3"
"FLSEHPNVTL","Q9UH17"
"LPFEEKVEV","O95425"
"FPNIPGKSL","O15121"
"LMYDAVHVV","Q13002"
"VSLDYAISK","Q6NUN9"
"LPFLVQRTV","P37023"
"KYDQLKVYL","Q9H3S7"
"KLADKLYNL","Q8N4P3"
"LYPSIIQEF","P09884"
"GLMGAGIAQV","Q16836"
"YFVVSREY","Q02742"
"FLLPHPGLKV","Q8NHH9"
"FLAEHPNVTL","Q8IUX4"
"FLLSEPVAL","Q9Y653"
"ALAQRLLEV","Q6ZMZ3"
"FLDNGPKTI","P78344"
"SLLDPLWTL","Q9H3S7"
"SLHLHVPSV","Q9UHV7"
"ALAEEVEQV","Q9BQE5"
"LLADLLHNV","O76075"
"QIFVKTLTGK","P0CG47"
"LYGPSSVSF","P50454"
"SLDDHVVAV","A2RRH5"
"FIADLVVGL","P06733"
"KVFAGIPTV","P23471"
"RVINSIPLAK","Q86XR8"
"SPSHYALLQY","Q8N766"
"ATSPPFQLTK","O15054"
"RIQLPVVSK","P46013"
"YLTDRVMTV","O15379"
"FIFSDTHEL","Q9UKK3"
"LPMPFTPTL","Q6UXX5"
"FFEPWVYSF","P78527"
"NAIEDASFLY","Q6P158"
"TFDDVAVHF","Q9ULD5"
"FLSDAEIIQL","P04035"
"RYIYNQEEY","P13762"
"LFEARIISL","Q15149"
"HPLTPLITY","Q9UJU2"
"KVFEPKLNY","Q96CW1"
"RLYDPASGTISL","Q9NRK6"
"LPYPAPEGIAV","Q6W2J9"
"FFEVSPVSF","Q8N543"
"VPFPKNFMSV","Q7L9L4"
"SAYEALEKY","Q15785"
"YLPDFLDYF","Q6PCB5"
"ATFPDTLTY","P23229"
"FVDGLTFKV","Q9HCE1"
"VPFPLTLRF","Q9P0I2"
"VPYRVVGL","Q6ZN04"
"LYDPVISKL","Q96EZ8"
"SLLDKIIGA","Q6NZI2"
"SLASCIITA","Q6UW02"
"EPAKTLIEF","Q9UHC1"
"KPRAYTITI","Q6UXX5"
"QFFPEAISF","Q16828"
"LPLPHFDTI","Q9ULW0"
"IPFDPKFITY","Q8N7H5"
"QPNGGASVIHAY","Q6PCB5"
"KIGDFGLATV","P04049"
"SLADSLYNL","Q08AD1"
"NALGVILQV","Q15477"
"FPDKPITQY","P39656"
"FLDDVVHSL","Q15652"
"DSYTPKVI","Q96BY9"
"LPANSVTKV","Q969N2"
"QFDVATHL","Q9Y3A2"
"EPFIFHEV","Q68DI1"
"SYIKSSSSL","Q69YH5"
"IPNEIIHAL","P52272"
"ALHDLLQHV","Q9Y4G6"
"YYDGKVMKL","P11387"
"FYLPHGLSI","P19021"
"AYGRMGLAL","Q96EQ0"
"KLDEAVAEA","P23526"
"TPSEPHPVL","Q9Y5A9"
"SLSNFIESV","Q8IXT5"
"MTHNLLLNY","Q92769"
"LPIDPNEPTY","Q9UK53"
"VPRQNVPVI","Q12929"
"FLSDAEIIQL","P04035"
"IYDKFIAQL","Q6P1K2"
"GLAFSLNGV","Q8TCT9"
"KYFSGPAITL","O95155"
"ATFPGMWER","Q6YP21"
"NAFLSKSSV","Q63HN8"
"SVMSTVEWNK","Q7L1Q6"
"KLAEGVLDV","Q5THK1"
"VFSESASQL","Q5SVZ6"
"KLMQQQQEV","O15164"
"SLSQELVGV","Q5VUA4"
"SAAAPHTVSY","O75907"
"GSDLPIIEK","Q9Y2H2"
"HAVDVDSGSVY","O95819"
"YYLGKILEM","Q96G01"
"IVSSLRLAY","Q9NP61"
"KIDDKPVKI","Q15005"
"LPIGIPYSI","O15121"
"FPITAIREI","Q14004"
"YLFERIKEL","Q96SK2"
"AYYAGHVL","Q5TA45"
"NFIDSTNTV","Q969N2"
"AFDEAIAEL","P31946"
"ATTQTIMQK","O43543"
"STFQQMWISK","P60709"
"RLGDKILQV","Q15717"
"LPYKGGNTL","Q05707"
"AVYLLPVPK","P42694"
"HAVDVDSGNSY","Q8N4C8"
"FPATPLLDY","P53396"
"KLLDPQEFTL","P24821"
"NVYENIVNY","Q16363"
"YLFEEIAKI","Q96N21"
"VPVPQLKSF","P62081"
"NAYHELAQVY","Q9UNS2"
"YYRDARSY","P28070"
"MPSILQNETY","O43150"
"VFAEKITSL","Q01850"
"TFSYGRAL","P04075"
"YPFKPPKVAF","P61077"
"YFHDDGFLAF","P98160"
"KLTGVLCEV","Q9NVC3"
"ATIQNETPK","Q5HYJ3"
"YFIRDVKSL","P20585"
"SVPEFPLSPPK","P16949"
"LLDGKVVNV","Q9UDR5"
"GVSKPIGVSK","Q96KM6"
"LPLPSPALEY","Q8IU81"
"SLADVHIEV","O14981"
"KLDETGVAL","Q02880"
"RPVPFASEM","Q16828"
"LPFVGKESI","Q9UKN8"
"RLAELELEL","Q9Y2E4"
"VPVDVVVNM","Q8WVX9"
"FLSDGTIISV","Q969X6"
"RYPPHSLSY","Q9Y618"
"ATYDTTLVEK","Q93096"
"EADKTIKVY","O43660"
"TAVESFLTI","Q8NBX0"
"LPPNLYPTV","Q96S59"
"VYFAEKVTSL","P52943"
"NYQVQFVTL","Q9UKN8"
"YFRDNPSEL","Q9GZN1"
"QYSTGKTTF","Q9H223"
"HYDHVLIEL","Q14566"
"TLYEHNNEL","Q9NRG9"
"SLLPHPIIV","O95759"
"MPFPAHLTY","Q86YS7"
"MPRFTEQV","P35221"
"IPNEIIHAL","P52272"
"KLTDYQVTL","Q9H1H9"
"SVITQVLNK","O75475"
"FFEVSPVSF","Q8N543"
"HPYIYRVTF","Q7Z7A4"
"EAWPALQI","Q969E8"
"ATAGFTIGR","Q93074"
"DAVVSFAHV","P43246"
"NLISQLTTV","Q9Y2G0"
"FADNRIKTL","Q9BYP7"
"NAFPCQVNI","Q9NQW6"
"IYDKFIAQL","Q6P1K2"
"SLFNKLVEL","Q93073"
"DSFVFRKV","O95573"
"LYLHSVRAY","Q6NUT3"
"VFAEKITSL","Q01850"
"KLDSPRVTV","Q96G04"
"VPASLPVEF","P21333"
"DAYLVHLI","Q9Y6V7"
"RLFHDSAVTSV","Q3SXM0"
"SYHSYVIGF","O95573"
"TFDVHLDL","O15269"
"ALTDFVRSV","O60888"
"YFFDNDSKSF","P54289"
"VPFPLTLRF","Q9P0I2"
"AVFPSIVGR","P60709"
"VFKNGNAF","Q7Z3K3"
"VFNEATSSF","O14981"
"TFASRVSSL","Q9Y6W5"
"FPDKVAIQL","P11216"
"NPISTVTEL","P50991"
"SPSPISSPTF","Q6PGQ7"
"KIFSGVFVKV","Q6DKI1"
"KYQDVYVEL","Q9H2D6"
"RLSPEVQSV","Q5T5U3"
"YAYEKPHVV","Q15751"
"GLDRLNVTV","P19367"
"LLWDYVYQL","P41212"
"VFHAVHEF","Q8TEU7"
"FFPMHFQAF","Q8IZ52"
"VYDPLFSQL","Q9UH36"
"KLADIQIEQL","O60925"
"MFQKTAASF","Q15003"
"FLYDKALTF","Q6P158"
"SIIDWLNSV","Q9NVW2"
"NLIIFSPSV","P39656"
"HADGTIVRY","Q9UG01"
"LLSPVVPQI","Q8N1F7"
"HAADVFEAY","Q5T4S7"
"IPYTGPFNLL","Q9UKF6"
"NLDPAVHEV","Q9HCN4"
"FPSEYVPTVF","P60953"
"KLAEALPSL","P33076"
"SFFDNISSEL","Q9BX40"
"IYFEYSHAF","P20585"
"FLVDGPRVQL","Q9BR11"
"IAFPTSISV","Q9UQ80"
"LPKSIYSQI","Q9NV06"
"GYPNFVATY","Q96DH6"
"TYNILTHDY","Q14527"
"KLGEIVTTI","P61204"
"VPFNIPLEF","A6NHR9"
"TLLERAFSL","Q7Z4L5"
"LFPDTPLAL","Q12906"
"AYPYYASAF","P39656"
"ITQYPHAVGK","P39656"
"VLDASVKEV","Q5T5Y3"
"YFSDGSSNTF","Q9Y2F9"
"YIMSYISRV","Q12965"
"SLFPEPLSI","Q14D04"
"IPDQVIRVF","Q8TEU7"
"IYHNGVLEF","Q9UKN5"
"AVYVPFWQK","Q15361"
"FLLGEKVTEV","Q9HCD6"
"LPDERTISL","Q05048"
"IVMITNLVEK","P23470"
"FPDKVAIQL","P11216"
"FFDPAIRVL","P43251"
"LPLAHVLEL","O60488"
"YFQYVGTDF","Q8N0Z8"
"LPPPGLTI","O75030"
"VLFEKEVNEV","Q9BZQ8"
"LFPDVVNCM","P63010"
"VYIDKVRSL","P20700"
"KVWGNVVTV","O43390"
"ATTLPIRNK","O75179"
"KYVNGSTY","Q6P2Q9"
"FLLSSQVGL","Q93063"
"LLQKFVPEI","Q2KHR3"
"KYQHTGAVL","O43684"
"KLLGSMEQV","Q96HW7"
"SLDSTLHAV","Q9C099"
"DGRIFGESI","Q8NFH5"
"NAFKEITTM","Q00403"
"FPITALREI","P50750"
"IPIGGGTSVSY","O00116"
"KLFGMIITI","P61619"
"LFMPSTSSM","Q92545"
"TAAPTGTTI","P52948"
"ALANQIPTV","P43246"
"RFPDFVRDF","Q9BXR0"
"SYADNILSF","Q9BZH6"
"SALLIRDTI","Q14993"
"AYTAYRTAL","Q6UWF9"
"FLNKEITSV","Q9UI10"
"YPFQIHSI","O95674"
"GQISVVISK","Q96PD2"
"QYRGMGLSM","P28062"
"YFYDPDVGNF","O15379"
"GVSKPIGISK","Q96KM6"
"LPAPPARTL","Q9P1Z3"
"TYHASGAEL","Q12772"
"MAPPPPRSV","Q75N03"
"YFQQANEL","P28331"
"KMQETLVGL","Q9Y6D9"
"TVFREVVSF","Q8NFI3"
"SLADVIIHEI","Q9H4A4"
"VPPTALRV","O43281"
"FLWAGGRASY","Q00839"
"FPASFPNRQY","Q8TCT9"
"SLAEFVQSL","Q93009"
"YFYPYGLQTF","Q9UH99"
"YVTTSTRTY","P08670"
"FFEPWVYSF","P78527"
"YLNDFTHEI","Q9H5V7"
"YLFERIKEL","Q96SK2"
"FLADNHHQV","Q13315"
"LLFSFAQAV","P37837"
"IQWSIVPEV","Q6IC98"
"RYQDAIRVF","Q9Y262"
"FFNYTVRTL","O60568"
"RVIGTLEEV","P46060"
"GLIEWLENTV","P78527"
"IAIDVIDAY","Q9UBB4"
"ALMPVLNQV","Q5RKV6"
"ALAGAVTHTV","P51788"
"ALYTVIETV","Q6NUK4"
"SLFRVITEV","Q93063"
"SLAQYLINV","Q15366"
"YPASIVHQV","Q9H2X6"
"LPDIGGRNI","Q5DX21"
"LPHSAVPEY","Q3KRB8"
"IYVISAETF","P24539"
"YFSDPFLKY","Q15165"
"SIIGRLLEV","P62136"
"NLIPYSPDV","Q8N766"
"MPYSHPSSY","Q6KC79"
"FLAPLVTEY","Q96NL6"
"KLLDFGSLSNL","P08708"
"SLHSLLVDV","P22736"
"NVVAHLINY","P16157"
"IPVEFKLVI","Q9HD20"
"FYYDGKVMKL","P11387"
"TTSNFTFSK","O60318"
"RLIEESVTV","Q12769"
"VLLEQPTWQL","Q9BV87"
"MWDPAAQAF","P26358"
"FPAVVKNV","Q13367"
"IVADHVASY","P01906"
"SLLDPLWTL","Q9H3S7"
"LLFDRPMHV","P52272"
"KFIDTTSKF","Q92901"
"FLNGEVIRL","Q99714"
"SLINVGLISV","Q92688"
"MAYGFRNI","Q9H6Q4"
"RFPEELTQTF","P26641"
"LLYPTEITV","P26006"
"YLAELVTPIL","Q04637"
"AYQSGRLSY","Q7Z5J4"
"RLTPKLMEV","O15372"
"YFSERGDAV","Q06323"
"FYLSKMISM","P04035"
"LMVDHVTEV","Q9HD15"
"IYHNGVLEF","Q9UKN5"
"TPTLPSITY","Q96T58"
"YLDEDTIYHL","P31153"
"SYADNILSF","Q9BZH6"
"GVMSPPLSR","Q12772"
"YPAEITLTW","P01889"
"FYNLLTRTF","Q969N2"
"ALGDRIFGL","O75578"
"RLAEVVHEL","Q9Y222"
"SALLQHQTV","Q6U7Q0"
"LFPDVVNCM","P63010"
"MPFFAKTV","Q92541"
"YLDGHLITTV","O95544"
"RLFDEPQLASL","Q9BX70"
"SYMDPMNEY","Q9BRK5"
"FLMDFIHQV","Q8WUM0"
"VPILISEI","Q9HD26"
"GTTAVFINK","Q9NR48"
"YYQIRSSQL","Q9UPT5"
"SLIDPNILSL","Q12756"
"QYSTGKTSF","Q9NZN4"
"LPHHRVIEV","P69849"
"HPNLVVGGTY","Q13409"
"VLIDEVESL","Q15645"
"YLDQGTQIFL","Q9H1A3"
"SPLERYYDY","P08582"
"RIMGNIWDA","O75694"
"KIYEGQVEV","P46777"
"AYSSPARSL","O43301"
"LPDGQVITI","P60709"
"KMDEVLYSI","P83876"
"KFMTQSAF","Q9C0D5"
"YMIAHITGL","P04818"
"FVDPAQITM","P23921"
"GLFAPVHKV","P30622"
"FPNAIEHTL","P22314"
"KMVDGVGVCTV","Q5T4S7"
"SYPTGNHTY","P49023"
"MPFPAHLTY","Q86YS7"
"IWQHVVQEL","P33076"
"RLHDVLMEL","P46939"
"TFQSTKAVY","Q9HCS7"
"YPHAVGKNTL","P39656"
"VPNKVIQCF","Q00610"
"EAFGVGVEF","Q15008"
"SIAEVVHQL","O14976"
"DAAMKAMTI","P55265"
"SFQGMVTSF","Q9NYA4"
"DAYAVKEAI","Q9UPU5"
"FFDPNTHENL","P58107"
"RLLEVVTSI","Q9BRR6"
"ALNNLLHSL","Q96Q15"
"GLDSGFHSV","O75427"
"FLAEDPKVTL","Q9HC16"
"VYIDRVRSL","P02545"
"KFYDGVVQTV","Q9BVI0"
"APATSILEY","Q96PU8"
"KLYGKPIRV","Q15427"
"KSIIPTVGK","P28749"
"VYKVPSASM","O75161"
"LYGPSSVSF","P50454"
"FPVTSIFHTF","Q9UIX4"
"TLMDMRLSQV","O94906"
"IPTDVLKIVY","Q6P179"
"MPYSHPSSY","Q6KC79"
"VPHGGFANI","Q8IYU2"
"FPFVSKTL","P31327"
"TLLDWQDSL","O14497"
"VILPTVHEV","Q8IWF6"
"VLMKDVQEI","Q9BRT6"
"SVAGKIHTV","Q9Y6Q2"
"ATLNIIHSV","Q9P1Q0"
"LPNIPVQTI","P02786"
"DAFKIATL","Q9HCJ5"
"VFPDDMPTL","Q03164"
"VYDPLFSQL","Q9UH36"
"IPPTTTQI","Q13332"
"LLAPRPVAV","P49918"
"NFFTKATPL","P12004"
"VFDTADYTF","Q99572"
"YLFSEALNAA","P50851"
"KIVDFSYSV","O60566"
"SVMGNIIHV","Q9UPS6"
"DADGHFHLI","O95394"
"AVIPCFPYAR","P60891"
"YLVSNVIEL","P17980"
"ALPPVLTTV","Q6PKG0"
"YVDDFGVSV","Q93063"
"FLLPVINEM","Q96HT8"
"AVLAWKFPR","Q92185"
"SAVPVFMFY","Q13491"
"SYTVGVMMM","P50454"
"VYFAERVTSL","P50238"
"GLYSGVTTV","P23921"
"DAYSIQGQHTI","Q15365"
"VYFSAAHAL","Q9UBD5"
"DALRAIQCV","O95628"
"VLSNVEVTL","Q14204"
"SLFAVFPSL","P15036"
"VYDLSIRGF","Q15631"
"VFYDANDVGF","Q8NCR0"
"AYARMGHAL","O75525"
"FFKDGLEM","P13693"
"FLSSVIQNL","Q99460"
"YPKKLVQTY","Q9NRH3"
"ATFPDTLTY","P23229"
"KYQAVTATL","Q6NVV1"
"FIADLVVGL","P06733"
"ATAGIIGVNR","Q00610"
"FPYRLVGL","Q6IC98"
"FLIPIYHQV","Q13085"
"SPFYPGKTTY","P49790"
"RLLSTSPAL","Q9UBB6"
"FFSPKVVSL","P46940"
"FLAEHPNVTL","Q8IUX4"
"SVFSWQQEK","P49454"
"VYPPGFMGL","Q9BUR5"
"MAIKVLEI","Q03001"
"ALLHADFRV","Q9NXH9"
"LPRIFTSI","P35232"
"QYQSLLRSL","Q03001"
"RPIFGLTSNY","Q96ST2"
"VYPEYVIQY","Q9H0J9"
"LPFEEKVEV","O95425"
"VLLEPFVHQV","Q9UHH9"
"FPVTSIFHTF","Q9UIX4"
"IPRNQLQSV","Q5T4S7"
"ILLEAGAFVNV","Q99549"
"YYHYIFTTL","Q13002"
"DALRSILTI","P56192"
"SFDSALQSV","P49792"
"YFRDNPSEL","Q9GZN1"
"KVAVVLIQK","Q7Z392"
"KLDESIYDV","Q13033"
"GTLNPGLTK","Q92585"
"SPFGIGTSHTY","Q9HBZ2"
"YFQQPAPEY","Q9Y4K0"
"LPASIPHVI","Q9H981"
"DAFKSGIVQY","Q9NZ08"
"IPYSEPMPLSF","Q8N3C0"
"SLYGGTITI","Q5VTR2"
"GVFDGLHTV","P43251"
"KLMDLDVEQL","P12004"
"RFPEELTQTF","P26641"
"HSVLIHEYY","O00303"
"KLNATNIEL","P28066"
"VFDVSHNAV","O95486"
"AYPYYASAF","P39656"
"YFHDRVASF","Q9NXC5"
"YFQPSFESL","Q9NQY0"
"KVIDPVTGK","Q9Y2R5"
"YFQHREFSF","P49642"
"HLAELIAEL","Q96F44"
"FLLPDTDGLTAL","P23471"
"LPVTPILEGF","Q13200"
"YYITTRAQF","P06241"
"ATSKVALVY","P06576"
"GFQRGAASF","Q96BY7"
"FAIGGSGSTFIY","P28065"
"KLDPYVQRL","Q14204"
"VLWSDSSITSV","Q8WYQ9"
"VLAFLVHEL","Q9UIF9"
"DPHQQIYTF","Q8NFZ0"
"VALLVGEKV","Q9NZ63"
"TAYVGSAVM","Q96CS7"
"YFHDDGFLAF","P98160"
"YLDEQIKKV","Q9H1H9"
"TLAETLVNL","Q8NB46"
"FFLRMKCTL","Q16665"
"TLSSLVFQL","P42345"
"ILDISEHTL","Q9UBU7"
"FLQEGDLISA","Q13868"
"LPVPVIPSF","Q7Z7G8"
"SFDTGFTSF","O75190"
"YFFGEGYTY","Q6P6C2"
"WYQRVYQSL","P14854"
"TLAEHIIEA","Q9Y6Y1"
"KLADKLYNL","Q8N4P3"
"GLLNNIAEV","Q9C0D3"
"YAYEKPHVV","Q15751"
"ALGSSWIISV","Q05397"
"RYPEGYRTL","Q9HAU0"
"SLQSTILGV","Q86WA8"
"FLPQKIIYL","Q9UL46"
"RIIEPLTSR","P35249"
"YLPELLQTV","O14682"
"LPSDLRTI","Q9C0A6"
"TFPQFIKAY","Q6ZP29"
"IVIRAKVVGK","P35625"
"LLLEEGGLVQV","Q92890"
"MLIGEIFEL","Q7Z3C6"
"MAFLDSQTATF","O95163"
"TLSDIMVSL","Q9NXF1"
"GLAKLIADV","P39748"
"IPHSFALISY","Q9NVH1"
"KVLETLVTV","Q86XA9"
"EVIFSLETY","P08243"
"HPVSALMEI","P18583"
"WFDGKLVTV","Q9Y2U8"
"SVLEAEGVFEK","Q6YHK3"
"FFQQTTTSF","Q8WXH0"
"LPALLQQI","P54727"
"VPFNIPLEF","A6NHR9"
"LPAPPARAL","Q9H9P5"
"FIQEIEHAL","Q96A65"
"KFIDTTSKF","Q92901"
"LPVVPKATY","Q9H3Q1"
"FIDDANYSV","O14977"
"FLLQDTVEL","P78344"
"FLIPIYHQV","Q13085"
"KLAKLQAQV","Q96K17"
"CLDKSVIEL","Q9H9E3"
"ALLDRIVSV","Q92621"
"FPANVMDVI","P17844"
"HYFAPRGL","Q6UXX5"
"GVIVHIIEK","P49720"
"ALAAALAHI","Q9BQ39"
"LPVPVLETY","Q9Y6W5"
"HPDEKSIITY","Q01082"
"LPLAHVLEL","O60488"
"HIIENIVAV","O76021"
"FYNLLTRTF","Q969N2"
"HPYEVAEVI","O60888"
"IFQTGLVAY","O43390"
"RIFAPNHVVAK","Q02543"
"ILQEYVEHQV","P08243"
"STSPVSPISR","Q9Y6X0"
"FLWAGGRASY","Q00839"
"ALLALLPEL","Q9P2E9"
"ALAEALKEV","Q6PI26"
"HYDHVLIEL","Q14566"
"NPYEPIRKV","Q15646"
"TLYDIAHTPGV","P40926"
"HASDRIIAL","P29401"
"KLGDFGLLVEL","Q99640"
"AYEFMSQAF","Q96QK1"
"WGYPNLKSV","P18124"
"VIDGHPVSF","Q16363"
"FPAIGTGNLGF","Q460N5"
"RLLDYVVNI","Q63ZY3"
"VSMDYAISK","Q9ULD5"
"MPYSVIRGEAF","P01023"
"YPLQGPGLLSV","O75694"
"SLDSTLHAV","Q9C099"
"RYQVSWSL","P51571"
"VPWKGIQNI","Q9UPQ9"
"VLAFENPQV","Q8IUR7"
"MLDEPTNHL","Q8NE71"
"GTVRIGVAK","O75970"
"HLYDIHVTV","A8MXV4"
"LPETSKYEY","O94972"
"DAILARTV","P55268"
"SLLPFLKAV","O75533"
"GLLGNVVNI","Q92611"
"KLIPQLPTL","Q9HB90"
"YFYDPDVGNF","O15379"
"GYPLYHSVY","Q9HBA9"
"KLVKEVIAV","P38117"
"VFDPIGHF","O60885"
"YAYEKPHVV","Q15751"
"FPILIRQV","Q8WTW3"
"YLFERIKEL","Q96SK2"
"RSMEAHNILSK","Q9NP77"
"VFYDANDVGF","Q8NCR0"
"VYDLSIRGF","Q15631"
"FMIDASVHPTL","P86790"
"GIWGFIKGV","Q96M27"
"KLISSYYNV","Q96SK2"
"LFEARIISL","Q15149"
"RFQDLIREL","P42694"
"IIDDTIFNL","O15118"
"SYQEMIANL","P19623"
"SVITQVFHV","Q00341"
"SLLQALNEV","Q14204"
"IPGPPPRSV","Q659C4"
"EVSKIVQTY","P12814"
"FVFETPFTL","Q96BY6"
"KYQDVYVEL","Q9H2D6"
"FYQPKIQQF","Q9NVI1"
"AVSAVVHEY","P35610"
"ATTHEIMGPK","Q13492"
"TYNDKALAL","Q99715"
"LPDIGGRNI","Q5DX21"
"KLTDYQVTL","Q9H1H9"
"IPPLATHTI","P15529"
"SVFFPESGLAK","O75665"
"ALLGRVYDV","Q8WUJ1"
"VYIKHPVSL","P48556"
"FLLDGKVLSL","Q8N1F8"
"FIDKFTPPVV","P01903"
"AFDLDVVKL","Q15459"
"YLQEIQTQL","Q9BQF6"
"YQPYEIPAV","Q96GV9"
"RYPPHSLSY","Q9Y618"
"SAYGGDQNY","O14979"
"KLLGELHTL","Q15154"
"RSFFVPQPK","Q5FWF4"
"ALLKYIETL","Q08211"
"VLFENTDSV","P42696"
"FYITPSTSL","P49750"
"YYLGKILEM","Q96G01"
"SFQDFVSHF","B2RTY4"
"RVMEYINRL","Q00610"
"STQKQVLNY","Q9H9Y6"
"KLNDLIQRL","P53621"
"LLLDVTPLSL","P54652"
"LPARLTQV","Q76N32"
"FPDKVAIQL","P11216"
"ATLLIFANK","P36404"
"GLVGSLQEV","Q9H1A4"
"FYSVNVDY","O00483"
"FYAFGRVF","P13639"
"KLDETGVAL","Q02880"
"VLIETLVTL","P23526"
"LPAPPARTL","Q9P1Z3"
"RPAQAFPVSY","P07949"
"YLMEVTHDL","Q9P2J5"
"LLYGKYVSV","Q9H0R3"
"SLFKDQMEL","O15397"
"IPVHDSVGVTY","P23471"
"LYYRDARSY","P28070"
"TLLDSTWNL","O95302"
"RYQFLEEAF","Q9UPN9"
"GLAKRVWSL","Q9BUH6"
"FYITSRTQF","P12931"
"RLHDVLMEL","P46939"
"HFPGLASEL","Q8TCY9"
"FLADIVQKL","Q9NZJ4"
"VTFNKSIAK","Q8NFZ0"
"GLIDGVVEA","P14866"
"SMAPIMTTV","Q9HBG4"
"TAAPVVPEL","O75116"
"STSMTFLNR","Q96RW7"
"NFDTIDQQF","Q8WYP5"
"FAIPFAITI","P29275"
"LPWKPVFI","Q5JRA6"
"VYFAEKVSSL","P52943"
"KLMNVDPDSV","O75293"
"YMINFIHKL","Q15561"
"SLMSWSAIL","P09912"
"TAYVGSAVM","Q96CS7"
"YPASIVHQV","Q9H2X6"
"EAWFSPVHTY","Q13884"
"KLSEIPLTL","Q9UIG0"
"TLSERLWGL","Q9NS69"
"VFLPRVTEL","P78527"
"FYQRFPLSF","Q92611"
"QYPGRSLVF","Q9GZR7"
"RFLDKALEL","Q9Y617"
"KLHDVELHQV","O14775"
"KFNPCGKVF","Q6V9R5"
"SLLGRSLEL","Q9NRL3"
"RYDPQTNEW","Q9Y2M5"
"ATHTAFVAK","P42166"
"YPAEITLTW","P01889"
"RVIGDLDTV","Q96AX9"
"ILIDWLVQV","P14635"
"RTLSDYNIQK","P0CG47"
"FPNAIEHTL","P22314"
"VFTIQSIVM","O14617"
"DPMGKEGDFVY","O94885"
"FFEPWVYSF","P78527"
"FVFETPFTL","Q96BY6"
"KLLEVQILEV","Q8IWJ2"
"ALYNWLIQV","O75694"
"SFDTGFTSF","O75190"
"FVDPNGKISL","Q92538"
"VLNEYFHNV","P53680"
"SFMSGADSF","O14777"
"LYYNTITNF","Q14527"
"YLFDRNGVCL","Q9Y5R8"
"SLNTGIITV","O14672"
"YFGSNMREF","Q9BW27"
"YLDRYLSCV","P30281"
"KLSDLQTQL","P19387"
"SWIDDTSAF","O95453"
"VPPLATNTV","Q9H0E3"
"IPKGTEITI","Q8IZD2"
"FLFNKVVNL","P62699"
"MPYSHPSSY","Q6KC79"
"SILPAIFQK","Q5BJD5"
"VYPPGFMGL","Q9BUR5"
"SYNTVAQEL","P18583"
"AVISPPTVPK","Q9H9Y6"
"TPYGRPANI","Q7Z401"
"KVADGLVKV","O75935"
"QLQEETFRL","Q86VS8"
"KLNDLIQRL","P53621"
"IYSFHTLSF","Q5UIP0"
"LLAPRPVAV","P49918"
"YLDRVRSL","P05783"
"MPFKCMQL","P50914"
"ALIEKLVEL","Q14181"
"SLLDRFLATV","Q14094"
"FPQTALVSF","Q8N766"
"SIIPPLFTV","P51571"
"FLEEGGVVTV","O60671"
"KLLEPVPVSV","Q86W34"
"SLFEGKALGL","Q9H981"
"LPFIHHEL","Q9UJX0"
"RIMNLTVML","Q96RS6"
"HPYIYRVTF","Q7Z7A4"
"RTYVGSMPGR","Q86WA8"
"VVMTPVPLFSK","O14976"
"LPNWLINSY","Q12769"
"SLAEGSVTSV","P13010"
"DTFRIPLI","Q99519"
"SFQGMVTSF","Q9NYA4"
"ALLGKIEKV","Q10471"
"LPMPFTPTL","Q6UXX5"
"FFDDVGAVTL","Q6P3W7"
"VYKVGIAF","P42694"
"FFQQTTTSF","Q8WXH0"
"TAMPKLLSY","Q16533"
"VFVEATHVL","Q9UJX2"
"HPVSALMEI","P18583"
"FLVDGPRVQL","Q9BR11"
"VYSWGSNTF","Q96Q42"
"FIFSDTHEL","Q9UKK3"
"ALTGYLHTI","Q9NYY8"
"YYLPKLLSY","Q6YHU6"
"KLFPDTPLAL","Q12906"
"SLPKGVVEV","P50454"
"ATLKGLVQK","Q8N129"
"IFQIGVLGF","P35610"
"VLIDDLTTL","Q9Y2Z2"
"FLLPVINEM","Q96HT8"
"SWIDDTSAF","O95453"
"LYPSIIQEF","P09884"
"SLLEHFNTV","Q9UHF7"
"KFPVFNMSY","P53621"
"FYDERIVVV","Q9P265"
"IFPLIYSEM","Q14534"
"KLDADMPEV","Q09666"
"SLDPKTNTL","Q13685"
"LPISPTFVGY","Q9UGH3"
"QAITLVTQY","Q9Y6V7"
"SLFNANYDV","Q14696"
"SVINVFVGR","Q5SYE7"
"YAIDNPLHY","A5YKK6"
"LPVKGFRSY","P11388"
"SLAEVLQQL","Q6NUM9"
"VLLSTIHEL","Q6I9Y2"
"VFITDKISSF","Q86U38"
"FFNGLRTEL","Q9Y394"
"ILVDWLVQV","O95067"
"AVMNFVVRY","O60568"
"DPYRALDI","O14617"
"ALSEQILMV","P48552"
"YYRFGQVY","P46977"
"KLDYGQHVV","P38919"
"MPPSFGYSM","P06756"
"YLMEVTHDL","Q9P2J5"
"ALSDSIHTV","Q9UKN5"
"HPFHVIRI","Q96L21"
"ILNPEVVTV","Q9UK61"
"RLAEVVHEL","Q9Y222"
"TAYNLIHTI","Q6ZPD9"
"KMSQVAPSL","O00567"
"ALANQKLYSV","Q9NU22"
"FPSFGSGFSSF","O75190"
"FLPQGFPDSV","Q96GQ5"
"FLMDFIHQV","Q8WUM0"
"ALASLIRSV","Q9Y646"
"YYTDFVMEL","Q9UKV5"
"TPYEGQRSY","Q92900"
"VPVSVVSDSY","P43490"
"YLNDLIHSV","O43572"
"DAVGFSRVI","O95453"
"IPKNNPPTL","Q9P289"
"KVLDVLWEL","Q9UPU5"
"RYLESARCY","Q9P253"
"RYIANTVEL","P04844"
"NYPSAFHSV","Q96JK2"
"ILNPYNLFL","Q9UGL1"
"HLWNSIHGL","Q14596"
"FYNNRLQAY","Q8N653"
"SAYLTQQV","Q6YHU6"
"AVFPSLLTNPK","P52292"
"YYIDDVFHAL","Q92963"
"MTDDKITEV","P46013"
"YLDWTIERV","Q9Y597"
"LLWDYVYQL","P41212"
"TALPRIFSL","Q03518"
"LPVPVIPSF","Q7Z7G8"
"RYIPTAAAF","P61619"
"YYNTAVKL","Q7L5Y9"
"NLAKCIVSV","Q96GQ5"
"YLTAEILEL","Q6FI13"
"DIFAKFSAY","O00299"
"RLDSYVRSL","Q9Y5R8"
"NLNSIVPSV","P48200"
"TMADQIVTV","O00186"
"KIFTEDLPEV","Q96JC1"
"FPDTGSDHSY","Q96EK4"
"KYINTDAKF","Q8TEL6"
"GLLGTLVQL","P35222"
"TFDIASDAF","Q9Y376"
"LPDGQVITI","P60709"
"KVLDAIIQEK","Q9NTJ3"
"YVTTSTRTY","P08670"
"VPWKGLQNI","Q9HCJ0"
"KLLGKLPEL","P43354"
"SYPTGNHTY","P49023"
"FVFETPFTL","Q96BY6"
"MLSEKHLISV","Q8TBC3"
"STMRPLATAY","Q8NFH5"
"FLFNKVVNL","P62699"
"FPSISRPQF","P56693"
"YFFGEGYTY","Q6P6C2"
"VPVTPIPTF","Q96RP3"
"SYAPRRGEF","Q7KZF4"
"FIWENIHTL","Q03001"
"GVFTPGAAFSK","Q8NBX0"
"MLLHGQDVITV","Q8N766"
"TPAEIREEF","Q9NVH1"
"MPYSVIRGEAF","P01023"
"IYGRGIAY","Q8NBP0"
"SPEPNSPSEY","Q16665"
"LPYYGGSVEI","Q96KR4"
"SAVNVGVTAY","Q8N0X7"
"SFYNLLTRTF","Q969N2"
"TAAPVVPEL","O75116"
"FFPDKPITQY","P39656"
"VYQAVRQF","Q14669"
"TPLPEDNSM","P78527"
"TLLPYLYTL","Q2M2H8"
"ILDHEVPSL","Q6NZ36"
"YLLPSGGSVTL","Q96G04"
"AVMVHQLSK","P35222"
"FIPPAFTNV","Q86YA3"
"VYYASPRSY","P18850"
"VPLSQVKSI","Q86T24"
"ATSPPGAIPK","Q9Y6A5"
"AMLTVLHEI","Q8N3C0"
"SAMPTVRSF","Q03518"
"HLGEYQAAV","P53675"
"FFVENVSEL","Q6KC79"
"KLIDKLDSL","Q8N1I0"
